sample,StromalScore,ImmuneScore,ESTIMATEScore
TCGA-BRCA-T0,0.7872887167273829,6.771423624110758,7.558712340838141
TCGA-BRCA-T1,0.3406466868000503,4.111972305971676,4.452618992771726
TCGA-BRCA-T2,0.35328337803130705,2.946502765190397,3.299786143221704
TCGA-BRCA-T3,0.35594685617985816,7.54077423622539,7.896721092405248
TCGA-BRCA-T4,1.0116299585636928,9.032062715502981,10.043692674066675
TCGA-BRCA-T5,2.0860609470159353,7.3064540064386705,9.392514953454606
TCGA-BRCA-T6,1.3467444376632751,7.277326130686509,8.624070568349785
TCGA-BRCA-T7,0.5487628276933867,2.726809335072344,3.2755721627657306
TCGA-BRCA-T8,0.9747191736485437,11.644961165158438,12.619680338806981
TCGA-BRCA-T9,0.7301300517348915,6.110902781412919,6.8410328331478105
TCGA-BRCA-T10,0.46278002464852064,2.1882963412514647,2.651076365899985
TCGA-BRCA-T11,2.4484933471457673,8.978356064049674,11.426849411195441
TCGA-BRCA-T12,0.7852411087749194,5.738304477644956,6.523545586419875
TCGA-BRCA-T13,0.40079437909336396,4.046292738070875,4.447087117164239
TCGA-BRCA-T14,1.6163513539378882,6.867295272472566,8.483646626410454
TCGA-BRCA-T15,1.7134175904402233,4.060200234022898,5.7736178244631216
TCGA-BRCA-T16,0.4128489327675974,7.066585321518284,7.479434254285882
TCGA-BRCA-T17,0.26334787215592986,10.847924661021734,11.111272533177663
TCGA-BRCA-T18,0.3114889590670446,5.3678538605277435,5.679342819594788
TCGA-BRCA-T19,0.68589880735625,6.056436283974827,6.742335091331078
TCGA-BRCA-T20,1.447370478075478,5.383185176355301,6.830555654430779
TCGA-BRCA-T21,0.26107017804474963,8.316390782327678,8.577460960372427
TCGA-BRCA-T22,2.338324405839338,6.4939813034714176,8.832305709310756
TCGA-BRCA-T23,2.294215332978975,7.287213546462849,9.581428879441823
TCGA-BRCA-T24,0.7493613719935327,5.7137406640225,6.463102036016032
TCGA-BRCA-T25,1.5992709879482714,4.059792378988414,5.659063366936685
TCGA-BRCA-T26,0.2506497671604251,12.879996946492136,13.130646713652562
TCGA-BRCA-T27,0.503144500483241,6.321182471354859,6.8243269718381
TCGA-BRCA-T28,0.4035171102967551,5.543636031068706,5.947153141365461
TCGA-BRCA-T29,0.22875990184924336,5.669574652999298,5.8983345548485415
TCGA-BRCA-T30,0.5598288756391444,5.1476831473212705,5.707512022960415
TCGA-BRCA-T31,0.8665349937183666,3.313774862031624,4.18030985574999
TCGA-BRCA-T32,1.4594667545739792,3.6913506986792783,5.150817453253257
TCGA-BRCA-T33,1.3052885555870581,8.268143916029524,9.573432471616583
TCGA-BRCA-T34,0.4215454679106411,5.366837713721779,5.78838318163242
TCGA-BRCA-T35,0.5219920389152896,5.454477434565274,5.976469473480564
TCGA-BRCA-T36,2.15612068763185,10.231240404720346,12.387361092352196
TCGA-BRCA-T37,2.8597759908097187,5.406388276543472,8.26616426735319
TCGA-BRCA-T38,1.464721813739335,9.651985130561505,11.116706944300839
TCGA-BRCA-T39,0.9607142594503444,8.646796414862157,9.607510674312502
TCGA-BRCA-T40,0.4585584879278238,6.443388054286798,6.901946542214621
TCGA-BRCA-T41,0.602194576465094,8.643632303692204,9.245826880157297
TCGA-BRCA-T42,1.4303993885823343,4.393191570613891,5.823590959196226
TCGA-BRCA-T43,0.368683152892267,3.7918676187841287,4.160550771676395
TCGA-BRCA-T44,0.897096519339091,5.583830037714494,6.480926557053585
TCGA-BRCA-T45,3.552247630945901,5.2812740972003835,8.833521728146284
TCGA-BRCA-T46,1.4875642571232341,6.096016357942098,7.5835806150653315
TCGA-BRCA-T47,2.9671628554450526,3.5109834541580787,6.478146309603131
TCGA-BRCA-T48,0.3930526194067781,4.964363069469027,5.357415688875805
TCGA-BRCA-T49,0.4300997354369615,7.622690618564595,8.052790354001557
TCGA-BRCA-T50,0.6247656533392578,4.701955398187451,5.326721051526709
TCGA-BRCA-T51,1.0553891747002464,6.107013144879526,7.162402319579773
TCGA-BRCA-T52,1.4041532891471076,4.1713772000602924,5.5755304892074005
TCGA-BRCA-T53,2.317633924692449,12.116557033684051,14.434190958376501
TCGA-BRCA-T54,0.2243888139696188,4.945270468888791,5.16965928285841
TCGA-BRCA-T55,1.0802005132945625,3.1482465176604832,4.228447030955046
TCGA-BRCA-T56,0.3319455341893039,3.4259420253060453,3.7578875594953494
TCGA-BRCA-T57,0.22445303837810177,16.518200434290428,16.74265347266853
TCGA-BRCA-T58,1.6220446770331385,7.22460836069966,8.846653037732798
TCGA-BRCA-T59,0.5182112493037213,6.3306105639453145,6.848821813249036
TCGA-BRCA-T60,1.0071950356272126,3.1605807869654408,4.167775822592653
TCGA-BRCA-T61,1.6411919126169074,8.561470345644205,10.202662258261112
TCGA-BRCA-T62,0.44069829897778623,3.790889676269237,4.231587975247023
TCGA-BRCA-T63,0.4052283552792538,12.414821508854349,12.820049864133603
TCGA-BRCA-T64,1.624742669569624,5.035602917854758,6.660345587424382
TCGA-BRCA-T65,0.8236169069090608,3.520254830157453,4.343871737066514
TCGA-BRCA-T66,2.673194391782738,5.196789043862781,7.869983435645519
TCGA-BRCA-T67,0.24488845743051885,5.593787060664063,5.838675518094582
TCGA-BRCA-T68,0.3086048419958698,8.308576226611395,8.617181068607264
TCGA-BRCA-T69,0.31622162667166037,2.541005295942265,2.8572269226139255
TCGA-BRCA-T70,2.1538591238960483,3.052213364504388,5.206072488400436
TCGA-BRCA-T71,0.3853619526016401,6.047891282905838,6.433253235507478
TCGA-BRCA-T72,0.3474061889515193,7.625225947360886,7.972632136312406
TCGA-BRCA-T73,2.2275269736887733,5.835008283336335,8.062535257025107
TCGA-BRCA-T74,0.475527322197929,4.304021000080156,4.779548322278085
TCGA-BRCA-T75,0.32177449803705827,3.2333722433624508,3.555146741399509
TCGA-BRCA-T76,0.8459369639088983,4.490329401286353,5.336266365195251
TCGA-BRCA-T77,0.6735222144871309,10.972835127257335,11.646357341744466
TCGA-BRCA-T78,2.247053632664181,5.239202876375654,7.486256509039835
TCGA-BRCA-T79,0.5232848562240935,5.425639166775516,5.94892402299961
TCGA-BRCA-T80,0.3117344370666283,8.459441407965228,8.771175845031856
TCGA-BRCA-T81,0.6348645841087477,10.152027866872874,10.786892450981622
TCGA-BRCA-T82,0.31549679136536346,4.670041933011507,4.98553872437687
TCGA-BRCA-T83,0.7518550259328809,10.908276848979797,11.660131874912679
TCGA-BRCA-T84,0.6236173379499512,3.9918007681773773,4.615418106127328
TCGA-BRCA-T85,1.0685203189739252,3.027292770447309,4.095813089421235
TCGA-BRCA-T86,0.5889819321396509,2.5866849364061624,3.175666868545813
TCGA-BRCA-T87,1.6602828026295255,12.938092062422973,14.598374865052499
TCGA-BRCA-T88,0.3547612853964434,3.048083491882112,3.4028447772785553
TCGA-BRCA-T89,4.025940601566052,5.159928139334499,9.185868740900553
TCGA-BRCA-T90,3.386958472724544,10.145714893832373,13.532673366556917
TCGA-BRCA-T91,0.4161047727772802,3.991157533652573,4.407262306429853
TCGA-BRCA-T92,1.2552456855934297,7.696198987410662,8.951444673004092
TCGA-BRCA-T93,0.3294333657564728,5.89129295228067,6.220726318037143
TCGA-BRCA-T94,0.8803509148321584,4.89573733662328,5.776088251455438
TCGA-BRCA-T95,0.48541662500243044,7.997909233431876,8.483325858434307
TCGA-BRCA-T96,1.0235823057911895,4.919810069462535,5.943392375253724
TCGA-BRCA-T97,0.8385873800581276,3.034627466286376,3.8732148463445037
TCGA-BRCA-T98,0.2237897956463588,4.0828509437479,4.3066407393942585
TCGA-BRCA-T99,0.42658712747254696,2.475512296697577,2.9020994241701237
TCGA-BRCA-T100,0.7296493276679274,6.4287037472167325,7.15835307488466
TCGA-BRCA-T101,1.421728444556625,7.164315242246383,8.586043686803007
TCGA-BRCA-T102,1.1815300595428606,7.424060462714874,8.605590522257735
TCGA-BRCA-T103,0.6779845469653425,5.48174170856868,6.159726255534022
TCGA-BRCA-T104,0.4885092045924681,3.415866148783155,3.904375353375623
TCGA-BRCA-T105,0.4114742165970073,4.954776996851015,5.366251213448022
TCGA-BRCA-T106,0.27457845417951904,8.500680365161289,8.775258819340808
TCGA-BRCA-T107,2.012510872242589,6.71742824483719,8.729939117079779
TCGA-BRCA-T108,2.6984900313867772,2.6700365300622098,5.368526561448987
TCGA-BRCA-T109,1.458725813217417,6.732818235314073,8.19154404853149
TCGA-BRCA-T110,0.9710941189122039,8.29473630140016,9.265830420312364
TCGA-BRCA-T111,0.28781562212120926,4.247624558285026,4.535440180406235
TCGA-BRCA-T112,0.9566903191947962,2.8411175611481445,3.7978078803429405
TCGA-BRCA-T113,0.9451515813897625,3.5101035832508316,4.455255164640594
TCGA-BRCA-T114,0.7376139904617622,4.203782859408827,4.941396849870589
TCGA-BRCA-T115,3.0232617250499336,5.556374367273461,8.579636092323394
TCGA-BRCA-T116,0.23129530729802794,3.9281350571838822,4.15943036448191
TCGA-BRCA-T117,1.1666346115051034,5.763115733047798,6.929750344552901
TCGA-BRCA-T118,0.4639973503514693,4.22826046741192,4.69225781776339
TCGA-BRCA-T119,0.7550913266366766,7.368369360751302,8.123460687387979
TCGA-BRCA-T120,0.6421137779510825,6.830985899469249,7.473099677420332
TCGA-BRCA-T121,0.39807236651583777,4.221564726700092,4.61963709321593
TCGA-BRCA-T122,0.6373265473725125,3.855592883499488,4.492919430872
TCGA-BRCA-T123,0.623409774536902,10.450762650787102,11.074172425324004
TCGA-BRCA-T124,0.39848477910317204,4.935418016519295,5.333902795622467
TCGA-BRCA-T125,0.22533695051502417,7.190019005245499,7.415355955760523
TCGA-BRCA-T126,0.4913217260097009,8.389425268799831,8.880746994809533
TCGA-BRCA-T127,0.4719128513970695,8.278404332058605,8.750317183455675
TCGA-BRCA-T128,0.3325208655767961,5.476292141495671,5.808813007072467
TCGA-BRCA-T129,0.3935090908837092,8.710347688045237,9.103856778928947
TCGA-BRCA-T130,1.4480026353874031,4.542665354103912,5.990667989491315
TCGA-BRCA-T131,0.9088094955029657,4.8266883529404065,5.735497848443372
TCGA-BRCA-T132,3.2531311594419705,7.3610758569441455,10.614207016386116
TCGA-BRCA-T133,1.6091988258381058,7.6513859126524695,9.260584738490575
TCGA-BRCA-T134,1.7093013932573953,5.288821418536806,6.998122811794201
TCGA-BRCA-T135,0.2727625615948733,5.653253960934203,5.926016522529076
TCGA-BRCA-T136,0.37500520319816344,4.725652408864309,5.100657612062472
TCGA-BRCA-T137,1.1884101170855739,4.278181741201334,5.4665918582869075
TCGA-BRCA-T138,0.3929442646794713,5.167437395106044,5.560381659785516
TCGA-BRCA-T139,2.3190063047712948,4.455602925428191,6.774609230199486
TCGA-BRCA-T140,0.8906357041909665,3.710454138341454,4.601089842532421
TCGA-BRCA-T141,1.3144288830470834,8.344683480071414,9.659112363118497
TCGA-BRCA-T142,0.8427666646385097,5.946334785108578,6.789101449747088
TCGA-BRCA-T143,0.8762212123782078,5.976250000342743,6.852471212720951
TCGA-BRCA-T144,1.002532928665191,6.670108641853072,7.6726415705182625
TCGA-BRCA-T145,0.3865799209605786,8.578895564146022,8.9654754851066
TCGA-BRCA-T146,5.466984823826724,12.074544045897728,17.541528869724452
TCGA-BRCA-T147,0.43684555399941416,4.519394658101605,4.95624021210102
TCGA-BRCA-T148,0.602668430608856,8.826126111387168,9.428794541996025
TCGA-BRCA-T149,0.3150419973933186,5.4339502071282935,5.748992204521612
TCGA-BRCA-T150,0.8052967097933916,5.460702325370376,6.265999035163768
TCGA-BRCA-T151,1.7709814081012465,5.380302592297836,7.151284000399082
TCGA-BRCA-T152,0.700166264597079,2.716722986176528,3.4168892507736066
TCGA-BRCA-T153,1.5328716928627353,4.075969734947282,5.608841427810018
TCGA-BRCA-T154,0.8538525073658099,4.715193044455049,5.569045551820858
TCGA-BRCA-T155,0.2928929155165834,6.941079476460308,7.2339723919768915
TCGA-BRCA-T156,3.5529434136176583,5.824077663536665,9.377021077154323
TCGA-BRCA-T157,0.5860811051979548,12.314731053994667,12.900812159192622
TCGA-BRCA-T158,1.636212167942754,6.101725000090934,7.737937168033689
TCGA-BRCA-T159,0.4413137666254018,6.816729196042489,7.258042962667891
TCGA-BRCA-T160,0.28309585892898215,4.154777845496433,4.4378737044254155
TCGA-BRCA-T161,1.1349610735275524,6.680254835751738,7.81521590927929
TCGA-BRCA-T162,1.597450815005886,6.083946671339103,7.681397486344989
TCGA-BRCA-T163,0.551345772679985,5.702264119174554,6.2536098918545395
TCGA-BRCA-T164,1.366329571546877,4.379005387230645,5.745334958777522
TCGA-BRCA-T165,1.8395151188436691,7.185809806500599,9.025324925344268
TCGA-BRCA-T166,0.3936802499081997,8.456026068039016,8.849706317947216
TCGA-BRCA-T167,0.38850883857827795,7.744950874401918,8.133459712980196
TCGA-BRCA-T168,0.2815831186004315,5.342409741997139,5.62399286059757
TCGA-BRCA-T169,0.7649878830589362,7.080615240272563,7.8456031233314985
TCGA-BRCA-T170,0.6361821992617258,4.354404687874604,4.99058688713633
TCGA-BRCA-T171,0.962867705404526,5.596503794903007,6.559371500307533
TCGA-BRCA-T172,0.5401631177584336,6.739154824888153,7.279317942646587
TCGA-BRCA-T173,0.6628600896137662,2.963074724734372,3.6259348143481382
TCGA-BRCA-T174,0.9013354496451159,7.082306452151279,7.983641901796395
TCGA-BRCA-T175,0.5460351918451453,4.504534952624072,5.050570144469217
TCGA-BRCA-T176,0.7688473193226033,9.003566734813331,9.772414054135934
TCGA-BRCA-T177,0.6784503812256895,7.471787299918455,8.150237681144144
TCGA-BRCA-T178,1.4326778341734072,7.264158717126418,8.696836551299825
TCGA-BRCA-T179,0.5335239260761799,3.1087573678679674,3.6422812939441473
TCGA-BRCA-T180,0.7472852449931514,6.683334116674557,7.430619361667708
TCGA-BRCA-T181,2.1330673354561767,7.442735250724519,9.575802586180696
TCGA-BRCA-T182,0.5262025201437355,4.387893684148379,4.914096204292115
TCGA-BRCA-T183,0.7694486142675574,4.55047735345576,5.319925967723317
TCGA-BRCA-T184,1.4481830372215556,4.7011959605451095,6.149378997766665
TCGA-BRCA-T185,0.48291657963981843,6.256732804164992,6.73964938380481
TCGA-BRCA-T186,0.3128552920111506,7.753534268646976,8.066389560658127
TCGA-BRCA-T187,0.9831510212088588,4.833766829024435,5.816917850233294
TCGA-BRCA-T188,1.3558865313700017,6.405782790252699,7.761669321622701
TCGA-BRCA-T189,0.35406709689469806,6.344359327694931,6.698426424589629
TCGA-BRCA-T190,0.8965554191224733,4.293835469939988,5.190390889062461
TCGA-BRCA-T191,0.26468385471341704,5.852848817725617,6.117532672439034
TCGA-BRCA-T192,0.28925995463814835,5.189738782937747,5.478998737575895
TCGA-BRCA-T193,0.4095303437543948,4.566949945909165,4.97648028966356
TCGA-BRCA-T194,1.4033116084751234,6.396162166379041,7.799473774854164
TCGA-BRCA-T195,0.20096347106718704,9.31567389504868,9.516637366115868
TCGA-BRCA-T196,1.0144353085317657,3.5881682259875705,4.602603534519336
TCGA-BRCA-T197,0.41281900825631457,8.11158495341635,8.524403961672665
TCGA-BRCA-T198,0.24816610923989,3.475280033155115,3.7234461423950047
TCGA-BRCA-T199,0.43054367771144186,4.085357826271723,4.515901503983165
TCGA-BRCA-T200,1.9238157296871,4.3468266458017055,6.270642375488805
TCGA-BRCA-T201,2.9448411143339053,8.015909289352601,10.960750403686507
TCGA-BRCA-T202,1.1865027168227142,6.078162212759674,7.264664929582388
TCGA-BRCA-T203,1.606718900391281,4.996475974880494,6.603194875271775
TCGA-BRCA-T204,1.3906991220340612,3.9581336292714466,5.348832751305508
TCGA-BRCA-T205,0.3671942488555283,4.033545514369529,4.400739763225058
TCGA-BRCA-T206,0.6529970105003049,8.423004335004576,9.076001345504881
TCGA-BRCA-T207,0.3987017198452017,4.056085021699999,4.454786741545201
TCGA-BRCA-T208,0.48230998326089614,4.081014782130623,4.563324765391519
TCGA-BRCA-T209,1.1369236664392866,10.918027659926427,12.054951326365714
TCGA-BRCA-T210,1.118526531141408,5.612599156702538,6.731125687843947
TCGA-BRCA-T211,0.8181900860864886,5.943573893340153,6.761763979426641
TCGA-BRCA-T212,1.2986128053102697,13.78388095010944,15.08249375541971
TCGA-BRCA-T213,0.5029478912331969,5.198870602043953,5.70181849327715
TCGA-BRCA-T214,1.0486016759837855,9.311373798411582,10.359975474395368
TCGA-BRCA-T215,0.45337092606308504,4.329005140341556,4.782376066404641
TCGA-BRCA-T216,0.49598892908860037,3.6165223197573697,4.11251124884597
TCGA-BRCA-T217,0.3621476703559332,6.382325293171881,6.744472963527814
TCGA-BRCA-T218,1.3102810246827798,11.255288991550831,12.565570016233611
TCGA-BRCA-T219,0.7134936300889644,7.986273744846488,8.699767374935453
TCGA-BRCA-T220,0.29679633509336234,6.805087275790669,7.101883610884031
TCGA-BRCA-T221,0.250476391407945,5.2432200348323,5.493696426240245
TCGA-BRCA-T222,2.1814746102336864,5.8315129473690686,8.012987557602756
TCGA-BRCA-T223,0.26655840199561714,3.4488276815189556,3.7153860835145727
TCGA-BRCA-T224,0.32920154131293666,9.724660810575678,10.053862351888615
TCGA-BRCA-T225,0.7491340030739521,3.5513155300520216,4.300449533125974
TCGA-BRCA-T226,1.3323038177026632,9.468131909022656,10.800435726725318
TCGA-BRCA-T227,0.5267215134867091,6.5945925312599964,7.121314044746706
TCGA-BRCA-T228,1.0144891467627475,7.45528954736464,8.469778694127388
TCGA-BRCA-T229,0.8820268831602013,6.431390488646026,7.313417371806228
TCGA-BRCA-T230,3.393779612488326,7.741316259023291,11.135095871511616
TCGA-BRCA-T231,0.785662987704303,4.780974024005627,5.56663701170993
TCGA-BRCA-T232,0.25685400469569575,5.33228195442137,5.589135959117066
TCGA-BRCA-T233,0.5933325236303484,8.05640287057539,8.649735394205738
TCGA-BRCA-T234,1.386733073552082,4.425610670853584,5.812343744405666
TCGA-BRCA-T235,0.316242454623288,5.2220669504474815,5.53830940507077
TCGA-BRCA-T236,1.722006019814009,8.527995427316714,10.250001447130723
TCGA-BRCA-T237,0.820226286840359,6.721817913822164,7.542044200662524
TCGA-BRCA-T238,2.8542423289708316,6.965032225626587,9.819274554597419
TCGA-BRCA-T239,0.20270765440182664,9.618479551279957,9.821187205681785
TCGA-BRCA-T240,0.46799270820412586,6.395376128188755,6.8633688363928815
TCGA-BRCA-T241,1.3970622539178974,8.82074854726994,10.217810801187838
TCGA-BRCA-T242,2.060748267799156,4.465123895999795,6.525872163798951
TCGA-BRCA-T243,0.3800433031629281,4.946122160817504,5.326165463980432
TCGA-BRCA-T244,0.5807409555157056,5.602435069835137,6.183176025350842
TCGA-BRCA-T245,1.227089663696734,5.289311832673504,6.5164014963702375
TCGA-BRCA-T246,0.6908018271717711,6.62474993932741,7.315551766499182
TCGA-BRCA-T247,0.47557382785406865,5.860453131202995,6.3360269590570635
TCGA-BRCA-T248,1.4064158702650968,4.577645908916943,5.98406177918204
TCGA-BRCA-T249,1.025676611404386,3.054704684081479,4.080381295485865
TCGA-BRCA-T250,0.33162298459336426,4.3799461217610824,4.711569106354447
TCGA-BRCA-T251,0.4090140629251987,4.9794263749252305,5.388440437850429
TCGA-BRCA-T252,0.46522764079096407,10.082122939267006,10.54735058005797
TCGA-BRCA-T253,1.2607535047876228,8.109545824253066,9.370299329040689
TCGA-BRCA-T254,0.5320226776406803,6.496285938538646,7.028308616179326
TCGA-BRCA-T255,0.43480940036863486,10.309681056337983,10.744490456706618
TCGA-BRCA-T256,1.205479744408763,5.607317709722019,6.8127974541307825
TCGA-BRCA-T257,0.6534373580172517,5.988493858686544,6.641931216703796
TCGA-BRCA-T258,0.9898977903258143,5.8532320647899585,6.843129855115773
TCGA-BRCA-T259,2.069034855333676,7.321976353081839,9.391011208415515
TCGA-BRCA-T260,0.8886890510803681,4.058292322257856,4.9469813733382235
TCGA-BRCA-T261,0.957401884596371,6.773826365247965,7.731228249844336
TCGA-BRCA-T262,0.20980994257065616,6.053297271315815,6.263107213886471
TCGA-BRCA-T263,0.43466509855018065,7.5234939585362355,7.958159057086416
TCGA-BRCA-T264,0.7218642664417475,2.8109236771282724,3.53278794357002
TCGA-BRCA-T265,0.5839052481866325,6.668324439677358,7.2522296878639905
TCGA-BRCA-T266,0.8466023162436418,5.703137796848223,6.549740113091865
TCGA-BRCA-T267,2.631310718766513,10.323202234261327,12.954512953027841
TCGA-BRCA-T268,1.450457236815985,13.750867517069779,15.201324753885764
TCGA-BRCA-T269,0.5912124397384229,5.281509419268517,5.87272185900694
TCGA-BRCA-T270,0.4513699721510836,3.5736153949031673,4.024985367054251
TCGA-BRCA-T271,1.8042056269728277,4.949308991026781,6.753514617999609
TCGA-BRCA-T272,0.7998179187786079,3.2869365236215495,4.086754442400157
TCGA-BRCA-T273,0.7207399167537039,4.424579586163627,5.145319502917331
TCGA-BRCA-T274,1.2541321252163034,6.313288872378721,7.567420997595025
TCGA-BRCA-T275,1.2177649499186072,3.657110633225426,4.874875583144034
TCGA-BRCA-T276,1.2608894526207017,4.433025523136061,5.693914975756763
TCGA-BRCA-T277,1.2107738485865285,4.482847498646688,5.693621347233217
TCGA-BRCA-T278,1.2050052188028455,4.800107671149094,6.00511288995194
TCGA-BRCA-T279,0.21696501452102807,6.765204731247752,6.98216974576878
TCGA-BRCA-T280,0.6103021817948895,7.220671556143705,7.830973737938594
TCGA-BRCA-T281,0.9865132399615482,6.4187964545531,7.405309694514648
TCGA-BRCA-T282,0.8089449294990239,7.3456639062980695,8.154608835797093
TCGA-BRCA-T283,1.410729958148615,4.165677808716799,5.5764077668654135
TCGA-BRCA-T284,1.7318060259976693,4.327580824273039,6.059386850270709
TCGA-BRCA-T285,3.128147787926225,3.838653047514151,6.966800835440376
TCGA-BRCA-T286,1.958236032988459,6.5146069326590945,8.472842965647553
TCGA-BRCA-T287,2.1223805237101474,6.434267975860761,8.556648499570908
TCGA-BRCA-T288,0.8862485474322082,6.944903373423058,7.831151920855266
TCGA-BRCA-T289,0.9653475783706357,9.978440745465601,10.943788323836237
TCGA-BRCA-T290,0.35013554497763405,5.470742272464802,5.820877817442437
TCGA-BRCA-T291,3.992471143521013,11.439721029659768,15.43219217318078
TCGA-BRCA-T292,1.9588398818592936,4.171926912878623,6.130766794737917
TCGA-BRCA-T293,3.253362753672094,2.7930198886979105,6.046382642370005
TCGA-BRCA-T294,0.3297116769939965,5.497075449682861,5.826787126676858
TCGA-BRCA-T295,0.7453479809193262,3.9374830532364937,4.68283103415582
TCGA-BRCA-T296,0.21217818045986428,9.535207455860743,9.747385636320606
TCGA-BRCA-T297,4.446977569691963,2.664432365646062,7.111409935338026
TCGA-BRCA-T298,1.6800132410702986,5.377560168518903,7.057573409589201
TCGA-BRCA-T299,5.512784009196439,5.062609280483049,10.57539328967949
TCGA-BRCA-T300,0.25276740378368834,2.527181727543474,2.7799491313271623
TCGA-BRCA-T301,0.8305730833695879,9.561405767000986,10.391978850370574
TCGA-BRCA-T302,0.8122077167960722,3.4264308015423595,4.238638518338432
TCGA-BRCA-T303,1.9290746674484556,4.925694065816382,6.854768733264837
TCGA-BRCA-T304,0.5894309626878685,3.6189828230404544,4.208413785728323
TCGA-BRCA-T305,1.2309355453899666,8.838929795951925,10.069865341341892
TCGA-BRCA-T306,0.2844404333705809,4.5171219657820165,4.801562399152598
TCGA-BRCA-T307,0.38224599039292134,5.521545708272265,5.903791698665187
TCGA-BRCA-T308,0.5028778752948039,2.9108263004462613,3.4137041757410653
TCGA-BRCA-T309,0.7713408995695085,3.7595803780058175,4.530921277575326
TCGA-BRCA-T310,1.3016196314445314,11.045824230804083,12.347443862248614
TCGA-BRCA-T311,2.6427668343108586,4.091346762724754,6.734113597035613
TCGA-BRCA-T312,2.038756668936581,5.365842455312466,7.404599124249047
TCGA-BRCA-T313,0.6259925955806067,5.7449618474599475,6.370954443040555
TCGA-BRCA-T314,1.1318968928434596,7.1868030122067905,8.31869990505025
TCGA-BRCA-T315,1.0893446051256044,11.154135865485864,12.24348047061147
TCGA-BRCA-T316,1.5836876008890808,4.6869747731762486,6.27066237406533
TCGA-BRCA-T317,0.54313920951862,7.044500511503889,7.5876397210225095
TCGA-BRCA-T318,0.9805588214401993,4.061174491837671,5.041733313277871
TCGA-BRCA-T319,0.2524415194935449,9.20433593935266,9.456777458846204
TCGA-BRCA-T320,3.5875636815849092,8.674435596252517,12.261999277837425
TCGA-BRCA-T321,1.7774817405977192,7.30025373145276,9.07773547205048
TCGA-BRCA-T322,1.5333056990218206,7.955443942880973,9.488749641902794
TCGA-BRCA-T323,0.7042436196913213,4.1460610770732895,4.850304696764611
TCGA-BRCA-T324,1.323883464760455,4.275345798044111,5.599229262804567
TCGA-BRCA-T325,0.39939839302682983,6.931706109215864,7.3311045022426935
TCGA-BRCA-T326,4.140003387748979,3.4838081808336367,7.6238115685826155
TCGA-BRCA-T327,0.5716691898966362,2.8418780377389408,3.413547227635577
TCGA-BRCA-T328,0.420993555977204,6.241000103951756,6.66199365992896
TCGA-BRCA-T329,0.9013431156034862,8.707984006597353,9.60932712220084
TCGA-BRCA-T330,0.3943333662494884,6.395428702009165,6.7897620682586535
TCGA-BRCA-T331,0.2794001553391136,3.821521999571926,4.100922154911039
TCGA-BRCA-T332,0.45797809007861456,2.6560041342234575,3.113982224302072
TCGA-BRCA-T333,1.8632332428863783,10.196885933144525,12.060119176030904
TCGA-BRCA-T334,0.9480298059129009,5.444611920247644,6.392641726160545
TCGA-BRCA-T335,0.24337454477068704,4.724334722453638,4.9677092672243255
TCGA-BRCA-T336,0.5513356570996398,6.144299789425422,6.695635446525062
TCGA-BRCA-T337,0.5032992058472093,6.8752463605772105,7.37854556642442
TCGA-BRCA-T338,0.2502433617993689,3.777517706875976,4.0277610686753444
TCGA-BRCA-T339,0.8425066066235178,7.784877865177992,8.62738447180151
TCGA-BRCA-T340,0.501502559036756,7.885947659114933,8.38745021815169
TCGA-BRCA-T341,1.145070529754384,4.818635960947574,5.963706490701958
TCGA-BRCA-T342,0.38850437882972316,8.063263370208956,8.451767749038678
TCGA-BRCA-T343,0.5756599541359613,8.563573687970221,9.139233642106182
TCGA-BRCA-T344,1.1271778826220462,6.337449123333753,7.4646270059557995
TCGA-BRCA-T345,2.8216630890528718,6.836411462168867,9.658074551221738
TCGA-BRCA-T346,0.3636534356625022,13.331506403705557,13.69515983936806
TCGA-BRCA-T347,0.2393621665149191,4.959802862657209,5.199165029172128
TCGA-BRCA-T348,0.38341705894839634,8.93295033186626,9.316367390814657
TCGA-BRCA-T349,2.963951704769066,5.603230998631693,8.567182703400759
TCGA-BRCA-T350,1.153166262169837,3.2586045787612505,4.411770840931087
TCGA-BRCA-T351,0.5631040113168144,8.105427799843989,8.668531811160804
TCGA-BRCA-T352,0.5106467928322485,9.386422479943885,9.897069272776134
TCGA-BRCA-T353,0.3009413746830266,4.923349072436608,5.2242904471196345
TCGA-BRCA-T354,4.823897622501123,6.757817613542315,11.581715236043438
TCGA-BRCA-T355,0.20889276208825197,5.508307068036698,5.71719983012495
TCGA-BRCA-T356,0.6052481501320042,4.80324277608255,5.408490926214554
TCGA-BRCA-T357,0.419943209259009,3.826279190495394,4.246222399754403
TCGA-BRCA-T358,0.4898903300971377,7.52737644747706,8.017266777574198
TCGA-BRCA-T359,0.4000796530311682,5.633122786820421,6.033202439851589
TCGA-BRCA-T360,0.6248896416695771,8.505912762291887,9.130802403961464
TCGA-BRCA-T361,0.6780728180615607,7.201518842746296,7.879591660807857
TCGA-BRCA-T362,0.5747305708997287,5.308141913674691,5.88287248457442
TCGA-BRCA-T363,0.8222578814350932,4.179898590514113,5.002156471949206
TCGA-BRCA-T364,1.41178905857256,6.556097841797284,7.967886900369844
TCGA-BRCA-T365,1.4768784051065653,4.711466434154959,6.188344839261524
TCGA-BRCA-T366,1.015140481112218,7.717267766013558,8.732408247125775
TCGA-BRCA-T367,0.4175385135784344,8.348615442781798,8.766153956360231
TCGA-BRCA-T368,0.5422327320341025,3.332272600373391,3.8745053324074936
TCGA-BRCA-T369,3.0656598308368967,5.034589316885379,8.100249147722275
TCGA-BRCA-T370,0.2615318660817166,15.202337467141499,15.463869333223215
TCGA-BRCA-T371,0.6489820190443109,4.135512628893285,4.7844946479375965
TCGA-BRCA-T372,2.558508771073311,3.8226696897442807,6.381178460817592
TCGA-BRCA-T373,1.195550474163951,5.358160654650492,6.553711128814443
TCGA-BRCA-T374,1.051505553071467,5.389626560380755,6.4411321134522215
TCGA-BRCA-T375,0.7743176500461063,7.710786592826723,8.48510424287283
TCGA-BRCA-T376,0.4290618763873896,6.568388961613758,6.997450838001147
TCGA-BRCA-T377,2.361824790722982,10.640636487004148,13.00246127772713
TCGA-BRCA-T378,1.0299688810408112,6.459443491934334,7.489412372975146
TCGA-BRCA-T379,0.2008737097501795,7.310014129295347,7.510887839045526
TCGA-BRCA-T380,1.2000888818151387,4.979636922831579,6.1797258046467185
TCGA-BRCA-T381,0.6747087827086459,9.251241907141974,9.92595068985062
TCGA-BRCA-T382,1.36750203319797,2.23634514081917,3.6038471740171403
TCGA-BRCA-T383,0.7226293113432252,4.2217742004694765,4.944403511812702
TCGA-BRCA-T384,2.1593173453671786,5.696085223340822,7.855402568708001
TCGA-BRCA-T385,1.7219707395700297,2.332726472967022,4.054697212537052
TCGA-BRCA-T386,0.48986921712880316,5.036320458822551,5.526189675951355
TCGA-BRCA-T387,1.7383462272401935,9.443941540013144,11.182287767253337
TCGA-BRCA-T388,0.20487129916650687,9.172946925492454,9.377818224658961
TCGA-BRCA-T389,3.0299455839615455,9.620410401281745,12.65035598524329
TCGA-BRCA-T390,0.4246106169658946,3.648105776690972,4.072716393656867
TCGA-BRCA-T391,0.3717276268029806,4.086320890585331,4.458048517388312
TCGA-BRCA-T392,0.32393913615988446,5.127152804479676,5.451091940639561
TCGA-BRCA-T393,1.4773236959262923,10.090736087155262,11.568059783081555
TCGA-BRCA-T394,0.8940476980672564,7.926761460235104,8.82080915830236
TCGA-BRCA-T395,0.2672454278689308,3.2403558686872542,3.507601296556185
TCGA-BRCA-T396,0.5197051821712877,3.198433878524626,3.718139060695914
TCGA-BRCA-T397,0.22890259290344947,5.8535824797796705,6.08248507268312
TCGA-BRCA-T398,1.493337993888272,5.050865899154286,6.544203893042559
TCGA-BRCA-T399,1.0867216874855399,5.679417579082562,6.766139266568102
TCGA-BRCA-T400,0.34284304410406363,4.288549088003184,4.631392132107248
TCGA-BRCA-T401,0.2766229774408192,10.561846104968641,10.83846908240946
TCGA-BRCA-T402,0.22843013048304667,5.082906208087626,5.311336338570673
TCGA-BRCA-T403,0.5111158345540153,5.369260321759858,5.880376156313873
TCGA-BRCA-T404,0.2090114562411436,3.944836740573154,4.153848196814297
TCGA-BRCA-T405,1.2811604636650957,6.825992045195898,8.107152508860993
TCGA-BRCA-T406,1.8709108032623907,11.923706638842066,13.794617442104457
TCGA-BRCA-T407,1.1039781919860352,6.7037624029082625,7.807740594894298
TCGA-BRCA-T408,0.791665234607305,4.97908421404655,5.770749448653855
TCGA-BRCA-T409,1.2203299340918643,5.051952535445823,6.2722824695376875
TCGA-BRCA-T410,0.891331520038066,3.434822052888825,4.326153572926891
TCGA-BRCA-T411,0.864515427353702,3.407632948119115,4.272148375472817
TCGA-BRCA-T412,0.288848654845386,8.157703986357273,8.44655264120266
TCGA-BRCA-T413,1.2582423188605198,3.583167856800607,4.841410175661126
TCGA-BRCA-T414,0.5929735634912064,3.3234170716311207,3.916390635122327
TCGA-BRCA-T415,0.3231742264171798,3.056732932672701,3.379907159089881
TCGA-BRCA-T416,0.30679642263865764,4.807317039377393,5.114113462016051
TCGA-BRCA-T417,1.033138774042267,6.315154727627658,7.348293501669925
TCGA-BRCA-T418,0.3446129921527376,4.895762532574402,5.240375524727139
TCGA-BRCA-T419,0.20019625648050487,3.4990772834749366,3.6992735399554415
TCGA-BRCA-T420,0.3608690496211633,3.3143784319265945,3.675247481547758
TCGA-BRCA-T421,0.22479982589439093,2.291975770200624,2.516775596095015
TCGA-BRCA-T422,0.25248927779596986,7.658971455542383,7.911460733338353
TCGA-BRCA-T423,1.621557927101162,5.123876548744518,6.745434475845681
TCGA-BRCA-T424,1.4130059633017804,8.01583476898102,9.428840732282799
TCGA-BRCA-T425,0.31923130254098464,2.342175198243684,2.6614065007846683
TCGA-BRCA-T426,0.21976879665341237,2.9537293493704064,3.1734981460238187
TCGA-BRCA-T427,0.39531816946426235,9.843699415356621,10.239017584820884
TCGA-BRCA-T428,1.8350026737954663,9.057121163661531,10.892123837456998
TCGA-BRCA-T429,0.5188427582703576,3.9321891540394853,4.451031912309843
TCGA-BRCA-T430,0.9789563458866233,5.779316995016143,6.758273340902766
TCGA-BRCA-T431,0.30921421645992514,6.790050890784988,7.099265107244913
TCGA-BRCA-T432,0.30619299809633727,7.045810957503889,7.352003955600226
TCGA-BRCA-T433,0.7410513347656846,4.2232347518079285,4.964286086573614
TCGA-BRCA-T434,1.7347424085338616,5.125665138819057,6.860407547352919
TCGA-BRCA-T435,0.4693497837082745,8.460725225686152,8.930075009394427
TCGA-BRCA-T436,0.7914119308683166,3.9954974265772636,4.78690935744558
TCGA-BRCA-T437,0.47210211044167083,8.981141809698736,9.453243920140407
TCGA-BRCA-T438,3.7991446316882476,3.6325348596589224,7.43167949134717
TCGA-BRCA-T439,0.3641892738455065,2.8374038406360738,3.20159311448158
TCGA-BRCA-T440,0.20867769125454214,6.617512880209413,6.826190571463956
TCGA-BRCA-T441,0.42188725073034694,4.5758017362304555,4.997688986960802
TCGA-BRCA-T442,0.9097042675381244,5.7633380264552345,6.673042293993359
TCGA-BRCA-T443,0.28395228843686476,5.579850992346863,5.863803280783728
TCGA-BRCA-T444,0.20285824604975736,3.888101370174141,4.090959616223898
TCGA-BRCA-T445,0.2710070248860239,9.718105851614514,9.989112876500538
TCGA-BRCA-T446,1.1683090441140105,3.662381458470558,4.830690502584568
TCGA-BRCA-T447,1.4322358137549014,3.4185809449780935,4.850816758732995
TCGA-BRCA-T448,0.2788217119682158,5.113281631479023,5.392103343447238
TCGA-BRCA-T449,0.7568208327417518,6.854109237958811,7.610930070700563
TCGA-BRCA-T450,0.5978022170327296,5.7969973019986565,6.394799519031386
TCGA-BRCA-T451,0.2264564042262595,7.249936728895453,7.476393133121713
TCGA-BRCA-T452,0.26508175562237757,6.895864690421658,7.1609464460440355
TCGA-BRCA-T453,0.8074047927803226,2.3209698841997164,3.128374676980039
TCGA-BRCA-T454,0.8743781344550723,3.5278445941853263,4.402222728640399
TCGA-BRCA-T455,1.4338283650758932,6.409951039291414,7.843779404367307
TCGA-BRCA-T456,0.6682984036940882,2.8174135634206428,3.4857119671147307
TCGA-BRCA-T457,1.0631846174763184,3.1992122896813693,4.2623969071576875
TCGA-BRCA-T458,1.2781909113323622,3.795830557653803,5.074021468986166
TCGA-BRCA-T459,0.8231384562414507,4.542989647251551,5.366128103493002
TCGA-BRCA-T460,1.7700225794542042,4.607772521752813,6.377795101207017
TCGA-BRCA-T461,0.9291520673276988,7.47156226385871,8.400714331186409
TCGA-BRCA-T462,0.5208245317640186,2.477601256554936,2.9984257883189542
TCGA-BRCA-T463,0.800709408133015,5.7363155681792595,6.537024976312274
TCGA-BRCA-T464,0.9659282078360576,5.706755430775706,6.672683638611764
TCGA-BRCA-T465,0.2884593591300054,8.298587703051107,8.587047062181112
TCGA-BRCA-T466,0.3128873851601811,3.415274034781399,3.72816141994158
TCGA-BRCA-T467,0.609106866151482,5.649430885890615,6.258537752042097
TCGA-BRCA-T468,0.43807601266569707,4.5624472585744,5.000523271240096
TCGA-BRCA-T469,0.2500084968286392,4.213653844193743,4.463662341022382
TCGA-BRCA-T470,0.4961235801803234,9.418393850975036,9.91451743115536
TCGA-BRCA-T471,0.3703613241029181,5.756271034280877,6.1266323583837945
TCGA-BRCA-T472,0.9516143161692125,3.9722524970628967,4.9238668132321095
TCGA-BRCA-T473,2.295015189915173,5.723739334966732,8.018754524881905
TCGA-BRCA-T474,3.9629166552421067,4.211340561506371,8.174257216748478
TCGA-BRCA-T475,0.6162584023185453,8.857668505025739,9.473926907344284
TCGA-BRCA-T476,0.6720032665129183,6.343359179992949,7.0153624465058675
TCGA-BRCA-T477,1.4221723269380697,4.158860863092211,5.581033190030281
TCGA-BRCA-T478,0.47918338473522376,6.3689497827770625,6.8481331675122865
TCGA-BRCA-T479,0.3781649290925851,5.024615582094573,5.402780511187158
TCGA-BRCA-T480,0.42056575466425256,4.629552866526051,5.050118621190304
TCGA-BRCA-T481,1.0487695958372782,4.593873816059701,5.642643411896979
TCGA-BRCA-T482,1.874200451150142,5.151193409490789,7.025393860640931
TCGA-BRCA-T483,1.6139580556688031,6.640260384271675,8.254218439940479
TCGA-BRCA-T484,2.1542889721074117,5.573442402351487,7.727731374458899
TCGA-BRCA-T485,0.5580535677160545,3.8929289159874707,4.450982483703525
TCGA-BRCA-T486,0.22423089445139208,7.375383718102834,7.599614612554227
TCGA-BRCA-T487,0.5887828004902447,6.527467773275703,7.116250573765948
TCGA-BRCA-T488,4.6320643027452935,6.127961095343708,10.760025398089002
TCGA-BRCA-T489,1.1593501507148816,2.081357268304923,3.240707419019804
TCGA-BRCA-T490,0.9647939793972032,7.072960822142223,8.037754801539426
TCGA-BRCA-T491,1.0988676491947127,5.5549169272575005,6.653784576452213
TCGA-BRCA-T492,0.22681001487917132,12.875568718410358,13.10237873328953
TCGA-BRCA-T493,1.1890869007231122,4.056110660146355,5.245197560869467
TCGA-BRCA-T494,1.4082759083059946,3.586855598179936,4.995131506485931
TCGA-BRCA-T495,0.35072641418597056,2.398802131944419,2.7495285461303896
TCGA-BRCA-T496,0.8083361496004704,6.032164995566903,6.840501145167374
TCGA-BRCA-T497,0.27665323993793256,3.94676102497649,4.223414264914423
TCGA-BRCA-T498,2.7259331364479977,5.807957277296719,8.533890413744716
TCGA-BRCA-T499,1.0699835352561429,8.195864650109344,9.265848185365487
TCGA-BRCA-T500,2.118530668803458,3.380612761103298,5.499143429906756
TCGA-BRCA-T501,1.00698887486139,3.200386346226794,4.207375221088184
TCGA-BRCA-T502,0.589342041484702,6.041593449685985,6.630935491170687
TCGA-BRCA-T503,1.2539167989565994,6.800479334468162,8.054396133424762
TCGA-BRCA-T504,1.1269344363930078,5.61071588981285,6.737650326205857
TCGA-BRCA-T505,0.9001682678419887,5.797057570338413,6.697225838180401
TCGA-BRCA-T506,0.914456903439039,8.652648023639424,9.567104927078462
TCGA-BRCA-T507,1.1170123652574522,6.366281662405132,7.483294027662584
TCGA-BRCA-T508,1.1609096341903176,5.765201796554755,6.926111430745072
TCGA-BRCA-T509,2.4435947331084362,5.102466818800604,7.54606155190904
TCGA-BRCA-T510,0.511474503577162,3.412591333355757,3.924065836932919
TCGA-BRCA-T511,1.5170706808587973,3.4345281841791846,4.951598865037981
TCGA-BRCA-T512,0.46880118720003994,7.657171244881046,8.125972432081086
TCGA-BRCA-T513,0.4898991035389143,6.574905119648197,7.064804223187112
TCGA-BRCA-T514,1.5851300573449876,8.89107761226686,10.476207669611847
TCGA-BRCA-T515,1.0275937007989422,10.274547748182512,11.302141448981454
TCGA-BRCA-T516,0.3514760286437305,5.923066707230926,6.274542735874657
TCGA-BRCA-T517,2.4131752167710547,5.8937241977937145,8.30689941456477
TCGA-BRCA-T518,2.645289943906519,3.883384581151836,6.528674525058355
TCGA-BRCA-T519,1.268350610106718,2.675440817454642,3.9437914275613597
TCGA-BRCA-T520,0.5326658757878538,12.10014085644111,12.632806732228964
TCGA-BRCA-T521,1.2065386057596315,6.340349251400743,7.546887857160375
TCGA-BRCA-T522,0.3766247401601269,10.277616923564684,10.654241663724811
TCGA-BRCA-T523,1.9879864940366168,7.737073319432982,9.7250598134696
TCGA-BRCA-T524,0.2678003097804505,3.336807675549531,3.6046079853299813
TCGA-BRCA-T525,1.0163544279600403,11.405985057585143,12.422339485545184
TCGA-BRCA-T526,1.2671233967607949,4.3283984124812145,5.595521809242009
TCGA-BRCA-T527,0.24663670098370175,3.891092266701437,4.137728967685138
TCGA-BRCA-T528,1.7944139020499221,3.33188058778851,5.126294489838432
TCGA-BRCA-T529,1.388799574368461,4.258334847834268,5.647134422202729
TCGA-BRCA-T530,0.23478774122367288,5.022308933337412,5.257096674561084
TCGA-BRCA-T531,0.6073021922041291,5.259646489456303,5.866948681660432
TCGA-BRCA-T532,0.3738459025051332,5.263237895805458,5.6370837983105915
TCGA-BRCA-T533,0.6380968149440203,6.6877801758694755,7.325876990813496
TCGA-BRCA-T534,0.32489891719039043,4.1160842020867126,4.440983119277103
TCGA-BRCA-T535,0.3010680506536086,8.046195596773634,8.347263647427242
TCGA-BRCA-T536,0.6922949652270405,5.659913113948756,6.352208079175796
TCGA-BRCA-T537,0.5657866208720398,7.735553619378793,8.301340240250832
TCGA-BRCA-T538,1.0966171474045487,6.52316959433904,7.619786741743589
TCGA-BRCA-T539,0.2548209458645062,6.403562433346176,6.658383379210682
TCGA-BRCA-T540,1.111253818307092,7.485445465223885,8.596699283530977
TCGA-BRCA-T541,0.2492863986631284,3.946019375692739,4.195305774355868
TCGA-BRCA-T542,0.6413937255705021,3.7202478758009176,4.36164160137142
TCGA-BRCA-T543,0.308279982261105,5.054548998391423,5.362828980652528
TCGA-BRCA-T544,0.5469620612746969,7.106376322239268,7.653338383513965
TCGA-BRCA-T545,0.7438537210355656,12.360952331617593,13.104806052653158
TCGA-BRCA-T546,1.3683551565188004,5.531509918168557,6.899865074687357
TCGA-BRCA-T547,0.5792685093504074,5.894974649912474,6.4742431592628815
TCGA-BRCA-T548,0.24197643406016933,5.422182662438201,5.66415909649837
TCGA-BRCA-T549,1.4483841402819013,8.734991548180611,10.183375688462512
TCGA-BRCA-T550,1.6426880495356173,7.776147989248375,9.418836038783992
TCGA-BRCA-T551,0.22478213527929175,3.227056949078853,3.4518390843581446
TCGA-BRCA-T552,2.278796302396283,5.814476791157501,8.093273093553783
TCGA-BRCA-T553,2.5915357591431922,5.956376508280389,8.54791226742358
TCGA-BRCA-T554,0.4513628116381412,5.127423689521878,5.578786501160019
TCGA-BRCA-T555,2.4701573803238603,5.628790668565969,8.098948048889829
TCGA-BRCA-T556,0.4116765034913808,7.56346757090989,7.975144074401271
TCGA-BRCA-T557,0.21368032281139362,2.562506277908764,2.7761866007201577
TCGA-BRCA-T558,0.5868064173084437,7.152944448730381,7.739750866038825
TCGA-BRCA-T559,0.8708489599278615,6.053915081273088,6.924764041200949
TCGA-BRCA-T560,1.3132214651895395,3.0792456892815157,4.392467154471055
TCGA-BRCA-T561,1.2932326544077404,7.662709797424905,8.955942451832646
TCGA-BRCA-T562,0.46537538646553733,11.018757696947167,11.484133083412704
TCGA-BRCA-T563,0.427652375052536,6.2774668312495585,6.705119206302094
TCGA-BRCA-T564,0.22669182553978073,4.455559389975386,4.682251215515167
TCGA-BRCA-T565,0.4253581547649864,11.39852186983261,11.823880024597596
TCGA-BRCA-T566,1.7446561035275312,7.14275480639119,8.88741090991872
TCGA-BRCA-T567,0.21923971556975083,5.375070418468425,5.594310134038176
TCGA-BRCA-T568,1.1139801810392118,6.351324829925335,7.4653050109645465
TCGA-BRCA-T569,0.2819204436024715,9.337828676351505,9.619749119953976
TCGA-BRCA-T570,0.25990434125456985,7.427635869417888,7.687540210672458
TCGA-BRCA-T571,0.4952461691730308,3.5671622876993183,4.062408456872349
TCGA-BRCA-T572,0.8058684037506193,8.654138197938567,9.460006601689186
TCGA-BRCA-T573,0.5454716907418025,6.787881398975307,7.333353089717109
TCGA-BRCA-T574,0.3411338760144355,2.6518886722052453,2.9930225482196806
TCGA-BRCA-T575,0.23560582296671218,4.98102737161568,5.216633194582392
TCGA-BRCA-T576,2.321607532945333,2.397513424750607,4.7191209576959405
TCGA-BRCA-T577,3.5606006741419214,4.942618005258575,8.503218679400497
TCGA-BRCA-T578,2.3177865607977557,5.707425963461362,8.025212524259118
TCGA-BRCA-T579,2.2568814185698978,7.189764612977929,9.446646031547827
TCGA-BRCA-T580,0.5434223109469597,5.459144648244694,6.002566959191653
TCGA-BRCA-T581,0.7685865545765904,2.941740650189367,3.7103272047659575
TCGA-BRCA-T582,1.0014359997173683,8.573102448693588,9.574538448410955
TCGA-BRCA-T583,1.3567854586933032,5.638396410378631,6.995181869071934
TCGA-BRCA-T584,1.5151552531592856,3.0399094288755064,4.555064682034792
TCGA-BRCA-T585,1.4313447269309574,3.635549243807175,5.066893970738132
TCGA-BRCA-T586,1.1613759952965355,2.7722809052210184,3.933656900517554
TCGA-BRCA-T587,1.0453026972883053,7.010297294527064,8.055599991815368
TCGA-BRCA-T588,2.499595334988726,5.870508582860952,8.370103917849677
TCGA-BRCA-T589,1.2261910519295698,9.259454031941441,10.485645083871011
TCGA-BRCA-T590,0.6269343822247886,2.80760983643707,3.4345442186618587
TCGA-BRCA-T591,0.6069248086874954,3.8388291773503456,4.445753986037841
TCGA-BRCA-T592,0.6709547494280695,6.5351344498911885,7.206089199319258
TCGA-BRCA-T593,0.7146462890807177,3.541852220788217,4.256498509868935
TCGA-BRCA-T594,0.2654969163207733,3.4812296960102342,3.7467266123310075
TCGA-BRCA-T595,0.33693305695443293,7.312363640815795,7.649296697770228
TCGA-BRCA-T596,0.32082773363745604,11.029973550225915,11.35080128386337
TCGA-BRCA-T597,4.07773456639772,5.924657837171496,10.002392403569218
TCGA-BRCA-T598,0.7798525684075772,6.557650884315213,7.33750345272279
TCGA-BRCA-T599,0.7300724725695192,9.946845264429246,10.676917736998766
TCGA-BRCA-T600,2.3022688842755223,5.875421804156862,8.177690688432385
TCGA-BRCA-T601,0.5029451196252934,8.683516292167887,9.18646141179318
TCGA-BRCA-T602,0.38144559538055056,2.843325571793783,3.2247711671743335
TCGA-BRCA-T603,1.2503722026315314,5.051252030395412,6.301624233026944
TCGA-BRCA-T604,0.41072202002888847,5.547665905042143,5.958387925071031
TCGA-BRCA-T605,1.5992163489715436,6.053316018453936,7.652532367425479
TCGA-BRCA-T606,0.6812624537898782,4.025637176610418,4.706899630400296
TCGA-BRCA-T607,0.6900144751264446,3.905054817216093,4.595069292342537
TCGA-BRCA-T608,1.7106330941069352,5.3154361762635824,7.026069270370518
TCGA-BRCA-T609,2.3536974261796924,4.857709686048416,7.211407112228109
TCGA-BRCA-T610,0.6468683587493596,9.61235548833605,10.259223847085408
TCGA-BRCA-T611,0.851758015014145,5.970500367371412,6.822258382385557
TCGA-BRCA-T612,0.5016578410287487,6.483433817646278,6.985091658675026
TCGA-BRCA-T613,1.9547374773754176,4.110661045432977,6.065398522808394
TCGA-BRCA-T614,0.5260191643894595,5.883805124206617,6.409824288596076
TCGA-BRCA-T615,0.31166953850932694,11.999052445816675,12.310721984326001
TCGA-BRCA-T616,0.9051170916531678,3.160344951792111,4.065462043445279
TCGA-BRCA-T617,0.522623330918174,5.122538040968129,5.645161371886303
TCGA-BRCA-T618,1.9928561110494751,3.984409747153805,5.97726585820328
TCGA-BRCA-T619,2.19076893469175,7.455382155810611,9.64615109050236
TCGA-BRCA-T620,0.3923889111855198,3.181570292844948,3.573959204030468
TCGA-BRCA-T621,0.5307139825201166,4.320212080881544,4.85092606340166
TCGA-BRCA-T622,1.6255503852600364,4.130571087038421,5.756121472298457
TCGA-BRCA-T623,1.4400969296562,4.935455898792418,6.375552828448619
TCGA-BRCA-T624,0.20633882756916563,5.81671388731412,6.023052714883286
TCGA-BRCA-T625,1.0142085818784614,4.166966481042707,5.181175062921168
TCGA-BRCA-T626,0.2953068138822114,9.665355635097288,9.9606624489795
TCGA-BRCA-T627,1.7195904039393675,13.846983881799266,15.566574285738634
TCGA-BRCA-T628,1.7421122415521502,8.139718508585673,9.881830750137823
TCGA-BRCA-T629,1.1326097663105263,5.661871951013024,6.794481717323551
TCGA-BRCA-T630,1.4141428554881077,2.738981394398814,4.153124249886922
TCGA-BRCA-T631,0.9571072220019957,7.242604300822286,8.199711522824282
TCGA-BRCA-T632,2.5419299598651564,7.110930499410065,9.652860459275221
TCGA-BRCA-T633,0.31856735057701,5.980572342301974,6.299139692878984
TCGA-BRCA-T634,0.23675559758582726,9.222331653161485,9.459087250747311
TCGA-BRCA-T635,4.714906100071155,5.275330598644786,9.99023669871594
TCGA-BRCA-T636,0.7610070458764157,4.124104950941683,4.8851119968180985
TCGA-BRCA-T637,0.7333941453548503,7.058844890696514,7.792239036051365
TCGA-BRCA-T638,0.23882692882371653,11.033341967994359,11.272168896818075
TCGA-BRCA-T639,0.41785978230647336,13.496737451321271,13.914597233627745
TCGA-BRCA-T640,1.1723292371400162,4.7612485770017905,5.933577814141807
TCGA-BRCA-T641,0.5047962063571183,11.724931345500957,12.229727551858076
TCGA-BRCA-T642,0.20798696758726143,4.038582700888192,4.246569668475454
TCGA-BRCA-T643,0.4334608101003946,7.144570958832254,7.578031768932649
TCGA-BRCA-T644,0.48135900832443407,3.5651025336167783,4.046461541941213
TCGA-BRCA-T645,0.2872705393792986,9.257379798684267,9.544650338063565
TCGA-BRCA-T646,0.9970869159613261,5.266561039536799,6.263647955498125
TCGA-BRCA-T647,2.08483200342645,7.246350026717286,9.331182030143736
TCGA-BRCA-T648,0.9240007895829507,5.371377384661097,6.295378174244047
TCGA-BRCA-T649,1.1822957968243266,5.583663708413821,6.765959505238148
TCGA-BRCA-T650,0.35433890220373143,6.361675343014892,6.716014245218624
TCGA-BRCA-T651,2.3522176602091553,4.236058373888577,6.588276034097732
TCGA-BRCA-T652,1.3910827313915117,4.098452555129804,5.489535286521316
TCGA-BRCA-T653,1.368985807227276,7.2606344735710975,8.629620280798374
TCGA-BRCA-T654,0.7365429086185803,2.905766417423122,3.6423093260417025
TCGA-BRCA-T655,0.8654291636241226,3.343581196293541,4.209010359917664
TCGA-BRCA-T656,0.3811196583175541,3.880104582324864,4.261224240642418
TCGA-BRCA-T657,0.6355324613805172,12.210699271237536,12.846231732618053
TCGA-BRCA-T658,0.9498094131727782,3.8825818494758133,4.832391262648591
TCGA-BRCA-T659,1.3675126328907743,5.840271034821123,7.207783667711897
TCGA-BRCA-T660,1.542805280292645,4.219178909306933,5.761984189599579
TCGA-BRCA-T661,0.6490033949867654,3.5576585364573723,4.206661931444137
TCGA-BRCA-T662,0.6398258946948869,8.715297662189595,9.355123556884482
TCGA-BRCA-T663,0.6010740330438739,3.168322903976893,3.769396937020767
TCGA-BRCA-T664,1.1610595255475542,2.710656671941834,3.871716197489388
TCGA-BRCA-T665,1.0393000650392177,2.5788112823247484,3.618111347363966
TCGA-BRCA-T666,0.31717247727287096,13.448045715115246,13.765218192388117
TCGA-BRCA-T667,0.7687828303263913,2.4122851379611387,3.18106796828753
TCGA-BRCA-T668,0.7642743558066718,8.509347230621508,9.27362158642818
TCGA-BRCA-T669,0.9867963902939412,8.386566771813015,9.373363162106957
TCGA-BRCA-T670,0.6075215841791228,6.484098699098473,7.091620283277596
TCGA-BRCA-T671,1.0229050475016315,9.891842108557023,10.914747156058654
TCGA-BRCA-T672,1.4420949229805373,5.3329213176521115,6.775016240632649
TCGA-BRCA-T673,1.356897207177412,6.945731768033099,8.30262897521051
TCGA-BRCA-T674,1.305664854963291,6.170714916045505,7.476379771008796
TCGA-BRCA-T675,0.45886766661969,8.074263039711045,8.533130706330736
TCGA-BRCA-T676,0.3138878685638936,7.14021363812609,7.454101506689984
TCGA-BRCA-T677,0.29467525435513703,7.0607826840768055,7.355457938431942
TCGA-BRCA-T678,1.7708301257932029,7.197639879916151,8.968470005709355
TCGA-BRCA-T679,0.49488142051230677,4.874989530665383,5.36987095117769
TCGA-BRCA-T680,0.21275240649044136,5.258877270592221,5.471629677082662
TCGA-BRCA-T681,3.070671896748111,4.9900390002093316,8.060710896957442
TCGA-BRCA-T682,0.7191978198478715,3.6015231865307014,4.320721006378573
TCGA-BRCA-T683,1.3866707260533084,3.8276067849966844,5.214277511049993
TCGA-BRCA-T684,0.26737202797237725,4.197990023614605,4.4653620515869825
TCGA-BRCA-T685,2.6821530998534966,8.242552179023328,10.924705278876825
TCGA-BRCA-T686,0.7118213008491443,4.051131738748332,4.762953039597476
TCGA-BRCA-T687,0.3955335013847766,4.956527086349284,5.35206058773406
TCGA-BRCA-T688,0.22121329349729263,2.7337483151323325,2.9549616086296253
TCGA-BRCA-T689,0.2452896310748971,6.383984411673643,6.6292740427485395
TCGA-BRCA-T690,0.41813951413394357,4.26383546556139,4.681974979695333
TCGA-BRCA-T691,3.141120474987332,8.143683307012896,11.284803782000228
TCGA-BRCA-T692,0.2496743520720533,7.776998752499402,8.026673104571456
TCGA-BRCA-T693,2.254274331611496,10.01145302110854,12.265727352720036
TCGA-BRCA-T694,0.673261530080206,6.190580918876191,6.8638424489563965
TCGA-BRCA-T695,0.590617528597415,5.25436246937271,5.844979997970125
TCGA-BRCA-T696,0.6560407712341203,5.2758637934668835,5.931904564701004
TCGA-BRCA-T697,1.7205045645278794,7.310517342357426,9.031021906885305
TCGA-BRCA-T698,0.5530009812439205,6.890757729122368,7.443758710366288
TCGA-BRCA-T699,3.949213525264242,3.5245221170043877,7.47373564226863
TCGA-BRCA-T700,1.495575596610719,12.839251541783076,14.334827138393795
TCGA-BRCA-T701,0.47913516511618337,9.348143461024783,9.827278626140966
TCGA-BRCA-T702,0.2859418214642917,4.397802174868323,4.683743996332614
TCGA-BRCA-T703,0.8781669318075146,11.059636963770764,11.937803895578279
TCGA-BRCA-T704,1.8150787015179735,4.003819292795059,5.818897994313033
TCGA-BRCA-T705,0.5760989392460762,3.6666888021604698,4.242787741406546
TCGA-BRCA-T706,1.1140921212499073,5.602036409633628,6.716128530883536
TCGA-BRCA-T707,2.032124820330045,4.267787439599805,6.299912259929849
TCGA-BRCA-T708,0.3528810833254382,4.15123156863204,4.504112651957478
TCGA-BRCA-T709,0.3576213653361434,6.718453620553021,7.076074985889164
TCGA-BRCA-T710,0.5899945304094233,8.418885113408896,9.00887964381832
TCGA-BRCA-T711,0.5598436634079077,2.603803531297016,3.1636471947049234
TCGA-BRCA-T712,1.4572008512451164,6.156714295831408,7.613915147076525
TCGA-BRCA-T713,0.43169358640252237,6.704039330777522,7.135732917180044
TCGA-BRCA-T714,2.1195150546604102,5.878636500278292,7.998151554938702
TCGA-BRCA-T715,0.33726987966738503,8.45880878465547,8.796078664322856
TCGA-BRCA-T716,0.9843765218789843,5.321569498606473,6.305946020485457
TCGA-BRCA-T717,0.3728759523307005,5.940054588150628,6.312930540481328
TCGA-BRCA-T718,1.1400260774252724,6.648299000604799,7.788325078030071
TCGA-BRCA-T719,1.0898653238937905,4.7418915840476785,5.831756907941469
TCGA-BRCA-T720,7.114886586576958,11.467914264442907,18.582800851019865
TCGA-BRCA-T721,0.5430881574728111,7.700352019934236,8.243440177407047
TCGA-BRCA-T722,0.5832849271555037,3.150092388586846,3.73337731574235
TCGA-BRCA-T723,0.7942911995768013,5.877837374604864,6.672128574181666
TCGA-BRCA-T724,1.7991798547167819,8.947320407020142,10.746500261736923
TCGA-BRCA-T725,1.0891043541510963,4.936908245901381,6.026012600052477
TCGA-BRCA-T726,0.745182110815825,6.106944531914877,6.852126642730702
TCGA-BRCA-T727,0.7069558470227024,4.721753665728862,5.428709512751564
TCGA-BRCA-T728,0.48494645093243777,4.882433191951345,5.367379642883783
TCGA-BRCA-T729,0.22340082034988193,4.377665393128484,4.601066213478366
TCGA-BRCA-T730,1.5643988687796582,5.153276983301408,6.717675852081067
TCGA-BRCA-T731,1.2360521119265866,4.5553922115575585,5.791444323484145
TCGA-BRCA-T732,1.0263273743421244,6.180682895444437,7.2070102697865615
TCGA-BRCA-T733,1.4964751626792658,5.405041643886872,6.901516806566137
TCGA-BRCA-T734,0.2873236395401787,6.932822857568783,7.220146497108962
TCGA-BRCA-T735,1.1914008361984796,6.007184338023757,7.198585174222236
TCGA-BRCA-T736,1.2754662508396832,5.7859811897676545,7.0614474406073375
TCGA-BRCA-T737,1.122909859442453,4.006617588365349,5.129527447807802
TCGA-BRCA-T738,2.2647404471636157,5.051567161476751,7.316307608640367
TCGA-BRCA-T739,0.3679760461222159,11.001261400212297,11.369237446334512
TCGA-BRCA-T740,0.21595219169614213,5.753879550058151,5.969831741754294
TCGA-BRCA-T741,0.8192414491301134,12.491817720789408,13.31105916991952
TCGA-BRCA-T742,0.7515336450959901,2.2901776696999785,3.0417113147959687
TCGA-BRCA-T743,0.5456972074160035,10.647621768301956,11.19331897571796
TCGA-BRCA-T744,1.3097121689539972,8.630522802359225,9.940234971313222
TCGA-BRCA-T745,1.0910759742237555,6.755138989375941,7.846214963599696
TCGA-BRCA-T746,0.7141167720270335,5.093547704870336,5.8076644768973695
TCGA-BRCA-T747,0.23202804730192397,4.250482873497301,4.482510920799225
TCGA-BRCA-T748,0.45769785646306593,4.996001666945911,5.453699523408977
TCGA-BRCA-T749,0.6930260695246375,6.3806064648526455,7.073632534377283
TCGA-BRCA-T750,1.1056203290465616,5.867015758236526,6.972636087283088
TCGA-BRCA-T751,0.22246978244381704,4.3554823898197075,4.577952172263524
TCGA-BRCA-T752,2.236061430589592,7.713747761419031,9.949809192008622
TCGA-BRCA-T753,1.1498518442839596,6.754145938113867,7.903997782397827
TCGA-BRCA-T754,0.661130459166085,3.9881399916284033,4.649270450794488
TCGA-BRCA-T755,0.3891305572658655,3.497963313838201,3.887093871104067
TCGA-BRCA-T756,0.28821376008391775,8.521955511352072,8.81016927143599
TCGA-BRCA-T757,2.989976161033659,4.598626767323819,7.588602928357478
TCGA-BRCA-T758,1.065590820081743,5.019262864078868,6.084853684160612
TCGA-BRCA-T759,1.0190229620742923,7.734332039421325,8.753355001495617
TCGA-BRCA-T760,0.28037274975416304,5.939273143495357,6.21964589324952
TCGA-BRCA-T761,1.3110142702395122,3.902789907054314,5.213804177293826
TCGA-BRCA-T762,1.7373542910152786,10.27045814724094,12.00781243825622
TCGA-BRCA-T763,0.9098163870687355,11.274686038236805,12.18450242530554
TCGA-BRCA-T764,1.0249127482313205,5.379014412886801,6.403927161118121
TCGA-BRCA-T765,0.3520960038139723,4.784319221306815,5.136415225120787
TCGA-BRCA-T766,0.6092076864591505,4.769090861478247,5.378298547937398
TCGA-BRCA-T767,2.9929059383001975,4.575335674387129,7.568241612687327
TCGA-BRCA-T768,0.692872987229218,6.416765984219127,7.109638971448345
TCGA-BRCA-T769,0.31211248076793063,8.643849223122185,8.955961703890116
TCGA-BRCA-T770,2.148375513186625,2.7929075896985203,4.941283102885145
TCGA-BRCA-T771,1.7486379512678858,5.774134466167041,7.522772417434927
TCGA-BRCA-T772,5.145299965044551,4.520777652390929,9.66607761743548
TCGA-BRCA-T773,0.9402126416268313,5.194271461259211,6.134484102886042
TCGA-BRCA-T774,1.3571489311256062,5.295923631304399,6.6530725624300056
TCGA-BRCA-T775,2.436568880781154,2.954631948882296,5.39120082966345
TCGA-BRCA-T776,0.6151129745071932,4.6157283424300815,5.2308413169372745
TCGA-BRCA-T777,0.7545096596259543,10.164442501082283,10.918952160708237
TCGA-BRCA-T778,0.633498535626212,3.447479072931638,4.08097760855785
TCGA-BRCA-T779,1.0275936875295129,3.2914702294932283,4.319063917022741
TCGA-BRCA-T780,0.375515918070317,2.6350449436003482,3.0105608616706654
TCGA-BRCA-T781,0.45639138659775735,4.174262492216885,4.630653878814642
TCGA-BRCA-T782,1.0366570054449928,6.19509299610421,7.2317500015492024
TCGA-BRCA-T783,0.21190118378942496,4.8338626137268275,5.045763797516252
TCGA-BRCA-T784,0.6410835317728343,5.6636628143505625,6.304746346123396
TCGA-BRCA-T785,0.7227360083443171,9.268183758406298,9.990919766750615
TCGA-BRCA-T786,0.3479354490999668,2.8547846784413347,3.2027201275413013
TCGA-BRCA-T787,0.6098830650053457,5.023567921176449,5.633450986181795
TCGA-BRCA-T788,0.29250277422842996,6.923860292385885,7.216363066614314
TCGA-BRCA-T789,2.4717322410224005,5.39351416020029,7.865246401222691
TCGA-BRCA-T790,0.5846566730755122,9.5100868844915,10.094743557567012
TCGA-BRCA-T791,0.24882088308614664,5.219706855257238,5.468527738343385
TCGA-BRCA-T792,4.280608177138396,6.2184230035830925,10.499031180721488
TCGA-BRCA-T793,3.5021735475695364,3.0892742185898516,6.591447766159388
TCGA-BRCA-T794,0.3627763793763504,5.044384863442687,5.407161242819037
TCGA-BRCA-T795,1.1638768170395601,5.515376984007867,6.679253801047427
TCGA-BRCA-T796,0.7587331260447497,2.6474325190194787,3.4061656450642284
TCGA-BRCA-T797,1.8073841512981534,3.612269735929438,5.419653887227591
TCGA-BRCA-T798,1.4565243971998614,5.037040565933021,6.493564963132882
TCGA-BRCA-T799,0.2672381677766754,11.475580538650423,11.742818706427098
