gene,log2FC,pvalue,tumor_mean,normal_mean,padj,significance
TP53,0.9640551404436459,9.20763886631147e-06,3.1928701665962653,1.1493240575781973,0.004603819433155735,NS
BRCA1,0.9266289202890838,1.4876405585584687e-05,3.0240767399349346,1.1170111936661529,0.007438202792792344,NS
BRCA2,1.3367396971607697,2.047688520930574e-06,4.611665679714168,1.2217390294784034,0.001023844260465287,Up
EGFR,0.10473195905880495,0.48720449753311124,1.964295008232151,1.7567282800132542,1.0,NS
HER2,0.42692551439281634,0.012623244135408853,2.1744314319471463,1.3612858518685493,1.0,NS
CD3D,1.6213873372405372,8.136203145541416e-10,5.210274251186845,1.0184804914684422,4.068101572770708e-07,Up
CD8A,1.5066925606589696,1.6037451211570403e-09,4.876132566859666,1.0679114123991356,8.018725605785202e-07,Up
CD4,0.7789183711781811,4.431694911346142e-05,3.4271184720322325,1.5801404663380625,0.02215847455673071,NS
CD19,0.20273913496648777,0.18424316999751303,2.0716692328739326,1.6689711954649291,1.0,NS
CD14,0.24915616776215233,0.07688387584541914,1.806963855182883,1.3617468252307967,1.0,NS
CD68,0.18174362806992095,0.24098856327523946,1.7990583055540736,1.4677528464793443,1.0,NS
CD163,0.46386988479987945,0.002189308933417157,2.0503923237668698,1.2116528021667219,1.0,NS
PDCD1,0.5275224200813899,0.007014100325038787,2.365274059919825,1.3346423865368018,1.0,NS
PDL1,1.1284143380805607,7.175091354631473e-06,4.2244212097085025,1.3897453245730256,0.0035875456773157366,Up
CTLA4,1.5837364723292282,4.8138331497079466e-08,4.775559133046995,0.9268231313294828,2.4069165748539733e-05,Up
GZMA,0.09162598893965446,0.5163816220964701,1.9614342569820002,1.7792007916685457,1.0,NS
GZMB,0.02984514717951381,0.8259712175419133,2.0377680443366515,1.9755710501311237,1.0,NS
IFNG,0.42878469522634033,0.009774895224272377,2.396204065152715,1.5229969327351975,1.0,NS
TNF,0.596814699485188,0.001972309589233507,2.1143973242793654,1.0592775798533935,0.9861547946167534,NS
IL6,0.3680473967879836,0.022857037006349664,2.037387644807645,1.3534605118108112,1.0,NS
IL10,0.1406418861360943,0.30501349620720136,1.762180930893503,1.5056170541386882,1.0,NS
VEGFA,0.4246451410573169,0.007339449676208455,1.961785235370167,1.2065950461515424,1.0,NS
TGFB1,0.32843807264090863,0.029485079172828454,2.1257205064322813,1.4893182918818093,1.0,NS
MS4A1,0.25580762027175763,0.07291143587133063,1.9799341858669035,1.4957489992103197,1.0,NS
MS4A4A,0.39489192648446525,0.0060051302967796885,1.8805988618999419,1.1908289434971358,1.0,NS
CD79A,0.34593618316296393,0.040205957812192473,1.9663248524369406,1.333896230974046,1.0,NS
KRT5,0.2593902758249742,0.08814332723230724,1.96232820899253,1.4748502221869655,1.0,NS
KRT8,0.25011544869482316,0.09880523439920187,2.0330097209490745,1.5502429156810884,1.0,NS
EPCAM,0.36197993658317973,0.03955669822385205,2.046159214741282,1.370204292384659,1.0,NS
CDH1,0.4874980707925747,0.012399313037319979,2.1965066936202793,1.2799434544314963,1.0,NS
Gene_0,0.37702131085930746,0.01788159585717345,2.0073596724215896,1.315744536646289,1.0,NS
Gene_1,0.33198484565228337,0.06025415154055951,2.067379880052044,1.436857691966036,1.0,NS
Gene_2,0.1919933565580616,0.2156680101174008,2.060240621684198,1.678920443087466,1.0,NS
Gene_3,0.22921529043988786,0.17504567889920242,2.160156924664526,1.6959260246893075,1.0,NS
Gene_4,0.22522001467111497,0.1363121893290486,1.961809526785031,1.533723069445221,1.0,NS
Gene_5,0.4275428195423576,0.003924345249032351,1.9691941788927716,1.2076762589844297,1.0,NS
Gene_6,0.21101193961737907,0.17017287516800703,1.7246307316050804,1.3538930549053043,1.0,NS
Gene_7,0.217320699618208,0.15501665981753207,1.9678957985128847,1.5528694120134354,1.0,NS
Gene_8,0.015020757099170279,0.9178825010977112,1.8412527120967264,1.8118242030405254,1.0,NS
Gene_9,0.08293762931080018,0.5648048465556246,1.8585489064086624,1.6988510266980037,1.0,NS
Gene_10,0.38636784866462226,0.01134577967724373,1.991809522976899,1.2888937243064778,1.0,NS
Gene_11,0.060628260615547935,0.6595407895893773,1.949531665164302,1.8281480333701616,1.0,NS
Gene_12,0.4456128828834467,0.010058979803654746,2.302710885192831,1.4250891781587356,1.0,NS
Gene_13,0.34799818255644865,0.058988026773999364,2.2861415186662946,1.581834329575284,1.0,NS
Gene_14,0.1871381362247755,0.2401081912434381,1.8463787780985155,1.5001064493389555,1.0,NS
Gene_15,0.05726118461505414,0.6812900012160306,1.9518967323001646,1.8370293328734852,1.0,NS
Gene_16,0.1664419218040516,0.29932329831864407,1.90865725931765,1.591722734243111,1.0,NS
Gene_17,0.29748453375787687,0.0672934046353565,2.0385545182317344,1.4723802462875792,1.0,NS
Gene_18,0.24181204084657248,0.11595777559564782,2.1056634294451175,1.6264050844435254,1.0,NS
Gene_19,0.3825784659741498,0.014405052662748491,2.171647768340669,1.4328613344929702,1.0,NS
Gene_20,0.21048215314476026,0.1448939011515371,1.973062733262316,1.569464557407115,1.0,NS
Gene_21,0.23522715222960167,0.15175410016748567,1.9795950194018408,1.5313186041853073,1.0,NS
Gene_22,0.3168786033715174,0.058076263314967985,2.11424758200704,1.5001333384912199,1.0,NS
Gene_23,0.27098429279773506,0.0664283848405391,1.8833433069893015,1.3895820897584434,1.0,NS
Gene_24,0.41336618348395904,0.031876198266119336,2.182659236026631,1.389761285625476,1.0,NS
Gene_25,0.3496580713216946,0.05204845283817017,2.274995342838396,1.570118330274278,1.0,NS
Gene_26,0.0500231070710353,0.7134197316533278,1.8503994681870473,1.7532603000447196,1.0,NS
Gene_27,0.10042815775872826,0.5059228770242992,1.7066700917399702,1.5246631213177833,1.0,NS
Gene_28,0.22583642427495243,0.1473417627443811,1.9513602683097515,1.5237055838468694,1.0,NS
Gene_29,0.5265004404505551,0.004141387199336405,2.224614240049034,1.2386455812023034,1.0,NS
Gene_30,0.10251712960621706,0.4810042575148905,1.9222856300570073,1.721835858919537,1.0,NS
Gene_31,0.3811553833701753,0.030753662466596735,1.949410567291908,1.2646235982825564,1.0,NS
Gene_32,0.35209143003877896,0.009949909819143652,1.993806217248124,1.3454901005746747,1.0,NS
Gene_33,0.29831812759357157,0.07668779595205266,1.9348866226634982,1.3866493914675637,1.0,NS
Gene_34,0.2985498983400059,0.04066014583252421,2.0256735352971966,1.4600820491580218,1.0,NS
Gene_35,0.4078882345037864,0.007164348808155942,2.048685791648231,1.2978732702188516,1.0,NS
Gene_36,0.4742200679473727,0.005544637391856168,1.9505866294999334,1.1239970297950608,1.0,NS
Gene_37,0.20728717655481144,0.2025954822540422,2.123738703227131,1.7056713356786046,1.0,NS
Gene_38,0.2993917702896365,0.05624979551151378,2.143516381901508,1.5544054059005759,1.0,NS
Gene_39,0.42043690360229524,0.006393111347210137,1.996518003894493,1.2389931873020879,1.0,NS
Gene_40,0.2614442973166733,0.10373024834141287,2.161658811471516,1.6376212060490354,1.0,NS
Gene_41,0.2545912890767821,0.13789052817124733,1.9095490641529818,1.4388555056060448,1.0,NS
Gene_42,0.204137558180838,0.14165587129055457,1.8745987173080783,1.495316849728652,1.0,NS
Gene_43,0.284563980819285,0.06035902130762331,1.8019979507302148,1.3004114438366667,1.0,NS
Gene_44,0.31532573240955286,0.05602241753102461,2.2676016720598,1.6260718586790963,1.0,NS
Gene_45,0.253623485124973,0.10486145650597556,1.890111789064482,1.4241883784639442,1.0,NS
Gene_46,0.2512015021326155,0.1222287082823019,2.000476330908486,1.520989391332762,1.0,NS
Gene_47,0.2424202192790974,0.1384272577380679,1.811161650413503,1.3763481181463624,1.0,NS
Gene_48,0.24406685072024947,0.1497774095008621,1.8219113606280377,1.3827140458416478,1.0,NS
Gene_49,0.38604177028333764,0.019001347745771436,2.220773747576552,1.4646205494190503,1.0,NS
Gene_50,0.40802277354450056,0.011449435781415091,2.3133700855111146,1.4971397803819086,1.0,NS
Gene_51,0.19297676870584146,0.2352547522916745,2.1360605073440855,1.7434221298118677,1.0,NS
Gene_52,0.2266487899671632,0.12030478603200691,1.898821875410739,1.4773846691807828,1.0,NS
Gene_53,0.3331220372037498,0.026295843948207717,2.0425196933051426,1.4152031839985826,1.0,NS
Gene_54,0.22972818080799384,0.15842728370382875,2.177182379713448,1.7094870027261668,1.0,NS
Gene_55,0.25113183519698024,0.09104613287640345,1.772414384980624,1.329485053733945,1.0,NS
Gene_56,0.34606500373786986,0.03726137363744395,2.232993488090454,1.5434832577942617,1.0,NS
Gene_57,0.257951002279053,0.09408503281504074,1.848304247900161,1.3819650695961077,1.0,NS
Gene_58,0.3689041665066417,0.01989805234501206,2.1695850513815658,1.45443305019538,1.0,NS
Gene_59,0.19066645965715412,0.23894817031304003,2.0474866953454494,1.6702104717195403,1.0,NS
Gene_60,0.3508179493017132,0.033709333694623755,1.9763785371091882,1.333895670614778,1.0,NS
Gene_61,0.17771034125852792,0.24299533740982548,1.9369436513272,1.5965666268836396,1.0,NS
Gene_62,0.16297263183858934,0.29165620029898826,1.9229428160210567,1.6107222370088545,1.0,NS
Gene_63,0.423998291973847,0.006065827755685289,2.0580388203593314,1.2793278148973883,1.0,NS
Gene_64,0.3347548751409657,0.0330745814065068,2.0894402690813605,1.4496754194587347,1.0,NS
Gene_65,0.25346159237790444,0.10450335163701142,2.2750358576693253,1.7473659870908178,1.0,NS
Gene_66,0.11090470371873962,0.4806060212647869,1.8710866582371108,1.6586468809140453,1.0,NS
Gene_67,0.42932086087967747,0.009260424529899986,2.0367723896847885,1.2551414386042392,1.0,NS
Gene_68,0.20535832995909664,0.14766495172418864,1.9167221097667895,1.52974086645597,1.0,NS
Gene_69,0.4318557301061583,0.00588968791701119,2.134439968102695,1.323584270897071,1.0,NS
Gene_70,0.13614304375477526,0.3437654181247677,1.9136872485614829,1.6513056264398005,1.0,NS
Gene_71,0.4240628249585474,0.018050383903548933,2.220548544380369,1.4003480530534407,1.0,NS
Gene_72,0.28499829461431325,0.08885734118304046,2.0742705134258124,1.5231847097204743,1.0,NS
Gene_73,0.33818828366565024,0.031486002878201275,2.040421753737021,1.4050771577220522,1.0,NS
Gene_74,0.06925418254447857,0.6572969364408414,1.8214416048384447,1.6892023361954456,1.0,NS
Gene_75,0.10178121294296916,0.4528297637315869,1.819202336802779,1.627163178964028,1.0,NS
Gene_76,0.26181981750311967,0.0766329915454714,1.9664749244346185,1.4741445142243013,1.0,NS
Gene_77,0.19848000487344142,0.2407494605631485,1.9726902352231672,1.590605132083196,1.0,NS
Gene_78,0.22258196539921227,0.1260662767164143,1.9708785929948716,1.546132827596751,1.0,NS
Gene_79,0.3578907093399457,0.026346166362715223,1.8600394784660932,1.231701931280795,1.0,NS
Gene_80,0.2277258107277953,0.12317718823073968,1.8826579420156542,1.4617322318454322,1.0,NS
Gene_81,0.21230415715902629,0.14697644760235903,1.8005272668741572,1.417296292505692,1.0,NS
Gene_82,0.4002003914131109,0.00876231212948316,1.9597195312293394,1.2427364234627378,1.0,NS
Gene_83,0.23769061668631952,0.15102673258688826,2.0443834297015266,1.5819471245171821,1.0,NS
Gene_84,0.11610437628285863,0.4694779991467054,2.1862070735101007,1.9398359578049422,1.0,NS
Gene_85,0.015108596903606664,0.9102347161847025,1.802223861327218,1.7730307531598093,1.0,NS
Gene_86,0.3103106792860213,0.03822464478742737,1.8431476643835083,1.2929078109512124,1.0,NS
Gene_87,0.22245632552398975,0.14004925009889668,1.9515997727465701,1.529830601007098,1.0,NS
Gene_88,0.48711611306791736,0.010323466147774482,2.187311391152548,1.273986769051547,1.0,NS
Gene_89,0.15727720390158284,0.26461512483652505,1.953949542433084,1.6488533610439435,1.0,NS
Gene_90,0.2835343855286505,0.06289201603787867,2.0568024932805766,1.5113949930445298,1.0,NS
Gene_91,0.387956830237858,0.01568678056289661,2.019081658380388,1.3072157982535852,1.0,NS
Gene_92,0.3249589082812765,0.03754332601725721,1.9954539322428075,1.3913341509806858,1.0,NS
Gene_93,0.323253636894276,0.0493398285530698,2.20560609121375,1.5621297174037665,1.0,NS
Gene_94,0.27333928870421365,0.06760220986687564,1.7884478790566625,1.3071679298472751,1.0,NS
Gene_95,0.22516105204401593,0.11093804461289951,1.917858135791373,1.4962262304269702,1.0,NS
Gene_96,0.31710417549428205,0.04260326640779579,1.9602968090766815,1.3761693434537474,1.0,NS
Gene_97,0.3745197174643291,0.03670650574863505,2.0256193696376257,1.3338482966315706,1.0,NS
Gene_98,0.34470373523458253,0.020334659080789037,2.0392988388106192,1.3933556562704692,1.0,NS
Gene_99,0.14176250786771094,0.34071506974350396,1.934567340525299,1.6599245187616898,1.0,NS
Gene_100,0.1582558378322254,0.31113810930763364,1.929046158676775,1.6247410383342933,1.0,NS
Gene_101,0.2533323791259481,0.09465708477206855,1.8957999540277592,1.4294497008576845,1.0,NS
Gene_102,0.2587384673151776,0.1011113573492886,2.1316333899569098,1.6174770063524155,1.0,NS
Gene_103,0.27639983622828335,0.09251204505874999,1.9239388825867472,1.4141466545122332,1.0,NS
Gene_104,0.15161709416784408,0.30907258093242074,1.760157366798243,1.4848063618418836,1.0,NS
Gene_105,0.35667417991714534,0.07533622314022481,2.258508356774227,1.5447739611131481,1.0,NS
Gene_106,0.5279930314273109,0.001748211915157726,2.150683667948794,1.1850584650362608,0.874105957578863,NS
Gene_107,0.20533586533531634,0.1689027483988409,1.8274319552162586,1.4523356261660034,1.0,NS
Gene_108,0.2709279905133648,0.08242260985618463,2.0974933961335838,1.5671600006334443,1.0,NS
Gene_109,0.4401754544226206,0.002224125376650418,2.0410211169678556,1.241369308579531,1.0,NS
Gene_110,0.3361379008116949,0.07644694813113706,2.197306495595593,1.5327753986846482,1.0,NS
Gene_111,0.3968981050253204,0.009839458704735427,2.089675767278072,1.346576255450602,1.0,NS
Gene_112,-0.10736982434404596,0.4105930823332813,1.6790609531854557,1.8860518710890368,1.0,NS
Gene_113,0.25452654191647817,0.09291803459979239,1.98240255789229,1.5000352912238797,1.0,NS
Gene_114,0.21859838601263037,0.12862853300058893,1.8407187250362194,1.4413135568259796,1.0,NS
Gene_115,0.20695456679729718,0.18935245972692724,2.054066785575188,1.6459339424165862,1.0,NS
Gene_116,0.27727915792705815,0.06168816808928817,2.2282628480774243,1.663787302484068,1.0,NS
Gene_117,0.27290453979817775,0.06478096686577535,2.1374062649312107,1.5966792469104762,1.0,NS
Gene_118,0.31009154038803954,0.04664922660340266,1.9691774742375776,1.3949105770608992,1.0,NS
Gene_119,0.33532580811281254,0.047277989150465,2.1011319532903854,1.457973064051165,1.0,NS
Gene_120,0.3609855498552952,0.027490230395337146,1.881994603061181,1.2440146335608233,1.0,NS
Gene_121,0.13620396100245724,0.34677592951507175,1.8578389262277037,1.6003767216060458,1.0,NS
Gene_122,0.13875348004935306,0.38141131965256114,2.061376543233136,1.7806593672756292,1.0,NS
Gene_123,0.4622076542375899,0.005703501360102201,2.0973379016025095,1.2482790767207819,1.0,NS
Gene_124,0.008816703821294736,0.9524385290845688,2.022499212573342,2.00408422038639,1.0,NS
Gene_125,0.2436785859902162,0.11879283639865294,1.9075290258053927,1.4556671199003461,1.0,NS
Gene_126,0.3146466311127729,0.07066460343212595,1.968630861379225,1.3869214320101013,1.0,NS
Gene_127,0.2372069109392798,0.11763159326207241,1.716805016332473,1.304899931910623,1.0,NS
Gene_128,0.3586299414937164,0.048303009244068884,1.9332987859002997,1.287693997912041,1.0,NS
Gene_129,0.09521219442173123,0.5351833626751926,1.8537428992876348,1.6714873214134425,1.0,NS
Gene_130,0.36086039187088237,0.026978005369479415,2.091663775175558,1.4074787098025872,1.0,NS
Gene_131,0.05127814853448465,0.7491395324851992,1.9333708662076075,1.8309403169816942,1.0,NS
Gene_132,0.47192247720611724,0.001169025794794622,2.158609159563879,1.2773672407882979,0.584512897397311,NS
Gene_133,0.45055400539830304,0.006064576822876193,2.05168961227029,1.2331098597824894,1.0,NS
Gene_134,0.28689226217694075,0.10479656423253932,1.965731738668701,1.4309089270774416,1.0,NS
Gene_135,0.42111723479168206,0.017010077937928195,2.259972589517889,1.4346976081029137,1.0,NS
Gene_136,0.37409355770476016,0.036647232073615824,2.0061691449847463,1.3195301974718314,1.0,NS
Gene_137,-0.020816152945130506,0.8964617882294111,2.0324526756131673,2.076524078341205,1.0,NS
Gene_138,0.24978047822533944,0.08773842380981343,1.9872449207863556,1.5123457970870229,1.0,NS
Gene_139,0.1223973749856131,0.4198736251830414,1.8396974505475987,1.6087159305016154,1.0,NS
Gene_140,0.4547596909568128,0.008243597217128343,1.9994882724082728,1.188521716564016,1.0,NS
Gene_141,0.18431851305059843,0.21478121001980172,1.8907835507617177,1.544076542692631,1.0,NS
Gene_142,0.3352327708503151,0.041885620395943346,1.9197346294009083,1.3143458602956912,1.0,NS
Gene_143,0.3219820996308633,0.048516828645406546,1.9678370685722044,1.3741807799256192,1.0,NS
Gene_144,0.487712692725879,0.0038597925279503977,2.1739298537693075,1.26350352159716,1.0,NS
Gene_145,0.3674511733966488,0.027824287929506426,2.257239011335247,1.5248512817097946,1.0,NS
Gene_146,0.4091356479259032,0.028676821980101116,2.0241604950827683,1.2774179196988142,1.0,NS
Gene_147,0.4052109101823791,0.0118870122276832,1.9490146052199977,1.2268772828124799,1.0,NS
Gene_148,0.368883941037939,0.011678230420882053,1.951708825413732,1.2857481799704338,1.0,NS
Gene_149,0.3149801585767429,0.0662222459434192,1.8642727328068616,1.302480139878223,1.0,NS
Gene_150,0.13521933105683748,0.37405905256050787,2.0486684194501206,1.7759083123945287,1.0,NS
Gene_151,0.2582041853628503,0.15494529728039047,1.9201259736998426,1.4415992475639556,1.0,NS
Gene_152,0.5391347782600242,0.0008478577979356871,2.060413269797317,1.1061259365208664,0.4239288989678435,NS
Gene_153,0.2109799456575565,0.2215871659394012,1.8905487084062096,1.497290125349796,1.0,NS
Gene_154,0.42019861360239563,0.005335323946978971,1.766501615824638,1.0674667863230456,1.0,NS
Gene_155,0.28577450010839134,0.07726360998198355,2.070206087937342,1.5184934865067456,1.0,NS
Gene_156,0.6067666728740533,0.00031536711835331905,1.9289225487964796,0.9233260712268871,0.15768355917665952,NS
Gene_157,0.23320355910287138,0.18365788206773365,2.1959069572928733,1.7188976590514307,1.0,NS
Gene_158,0.10968297718780162,0.40424381317726965,1.7951146980195927,1.5904890913180265,1.0,NS
Gene_159,0.47114765561788086,0.0009793375186999541,2.0302761400702867,1.186012442380434,0.48966875934997706,NS
Gene_160,0.18842104175397645,0.21549355351862845,2.010159036919478,1.6416121659622833,1.0,NS
Gene_161,0.08127607146652083,0.6249244260425405,2.041787548219464,1.8751621484135677,1.0,NS
Gene_162,0.28600584746600966,0.06222773028092652,2.1710188141272995,1.6007731908852498,1.0,NS
Gene_163,0.3270641219772985,0.028210093807271647,1.9206917794711682,1.328250029262732,1.0,NS
Gene_164,0.21580516239814407,0.18203387492649836,1.974526117739996,1.5612617247063911,1.0,NS
Gene_165,-0.06873240757405563,0.6356500200830266,1.8351460143888667,1.9734863350313503,1.0,NS
Gene_166,0.23781535676091026,0.1223194992673,2.0591067143991517,1.5942096556051313,1.0,NS
Gene_167,0.31326534151649854,0.030802624558130827,2.0092970834839985,1.4219367649174866,1.0,NS
Gene_168,0.22003193670273014,0.12587770007389545,1.964318899977469,1.545005411110242,1.0,NS
Gene_169,0.1302163136242549,0.3665288523560022,2.0375780995856583,1.7754182303511987,1.0,NS
Gene_170,0.46183831677451903,0.010964450158055139,2.210106791667853,1.3307317588746905,1.0,NS
Gene_171,0.24413695292935067,0.1475970330040912,1.980012820483021,1.5160866103924768,1.0,NS
Gene_172,0.3196670555203647,0.04426262539925773,2.140187538362097,1.5160902420836897,1.0,NS
Gene_173,0.4509092307388569,0.015870675225412842,2.206238229416657,1.3456250138646573,1.0,NS
Gene_174,0.3311093662743183,0.033271587799071155,1.868514007893019,1.280253462860821,1.0,NS
Gene_175,0.05178089577034428,0.71821115695423,1.9418197754199997,1.8381050092205427,1.0,NS
Gene_176,0.3515393178134101,0.030799337577954097,2.025772372079842,1.3714412709354418,1.0,NS
Gene_177,0.40632010377274597,0.028142995414310635,2.00999005346656,1.271174593925734,1.0,NS
Gene_178,0.4167863789847006,0.014398383187277103,1.9371113061303435,1.200164754366475,1.0,NS
Gene_179,0.5107473497191479,0.00264313031441167,2.032419431550397,1.1283301555299468,1.0,NS
Gene_180,0.2575406194053149,0.09236319694036076,1.972808643925129,1.4867922403777407,1.0,NS
Gene_181,0.303194609900421,0.06699062193630125,2.0137887142777973,1.4425425056458507,1.0,NS
Gene_182,0.22626833435697158,0.14108656643393427,1.91812854469862,1.4945422450437973,1.0,NS
Gene_183,0.14777647699452579,0.32229559626540616,1.9024018084817242,1.619825613055639,1.0,NS
Gene_184,0.3168502205403032,0.03693175472705017,1.9739350635178832,1.387536726409904,1.0,NS
Gene_185,0.42552066881932715,0.010415118313925841,1.9377728574318536,1.1873774414858826,1.0,NS
Gene_186,0.0009134818456011384,0.9947489139381022,1.6095108044059998,1.6078590442126832,1.0,NS
Gene_187,0.2185680614132055,0.16989342057377826,1.9018034652174884,1.49386219901739,1.0,NS
Gene_188,0.24796268261993082,0.09970509627474554,2.091448505471993,1.6032615956766803,1.0,NS
Gene_189,0.10431133731646591,0.5030975747845392,1.874461090293231,1.673964226887917,1.0,NS
Gene_190,0.22737256784311954,0.12491206490324146,1.9267679508380926,1.5000133488273246,1.0,NS
Gene_191,0.3395387721728875,0.04206604736526351,2.072336153200664,1.428048605038582,1.0,NS
Gene_192,0.3120443253530829,0.04700263295103852,1.9202207430304363,1.352236472527091,1.0,NS
Gene_193,0.21293165786747048,0.1512754807368196,1.849495267289295,1.4584938371069356,1.0,NS
Gene_194,0.018056482388153494,0.8945605372192362,1.8811835747650165,1.84534798113581,1.0,NS
Gene_195,0.28164992841150926,0.07729139790932976,2.0880080943655686,1.5403488131360066,1.0,NS
Gene_196,0.1672798985507089,0.23769391095397638,1.727475735347836,1.4288720007150706,1.0,NS
Gene_197,0.31997378994508674,0.0584876164695986,1.932676227489311,1.3493212672966441,1.0,NS
Gene_198,0.19810256894286948,0.28540777395157685,2.186413395904327,1.777584652012541,1.0,NS
Gene_199,0.03605687735596508,0.8373926618125259,1.8557295818252306,1.7852416356930914,1.0,NS
Gene_200,0.21097296804750965,0.20882335477412597,2.0011190722209427,1.5928299531420802,1.0,NS
Gene_201,0.22742998585602026,0.13389167241741234,1.7010284781656368,1.3070973243615027,1.0,NS
Gene_202,0.06848600470120614,0.6920612380061244,1.7470754403526991,1.619716192636838,1.0,NS
Gene_203,0.46033475664202084,0.0030264354168083327,2.151372570331949,1.290473021551368,1.0,NS
Gene_204,0.19401909166419795,0.17751250901438395,1.9133434962406342,1.546748896125428,1.0,NS
Gene_205,0.1747971533622057,0.23848836522372793,1.8283682655418778,1.5056290148027,1.0,NS
Gene_206,0.4755391008752732,0.0020875222177189835,1.9908961435549162,1.1510465024504182,1.0,NS
Gene_207,0.044888003748387195,0.7302003943186252,1.6857943615900706,1.6035152278165967,1.0,NS
Gene_208,0.2107622308638457,0.17787640554795595,1.9685320896031266,1.5650509413941154,1.0,NS
Gene_209,0.17690906833614095,0.27409150322779663,2.0005008411135883,1.6542316085734015,1.0,NS
Gene_210,0.24673318796202381,0.09109308728396523,2.089143098159827,1.603538091390016,1.0,NS
Gene_211,0.31801815856169147,0.06621116345199295,1.8705219336326406,1.3026496501510303,1.0,NS
Gene_212,0.39359611907343295,0.007376128744838197,1.939448147835106,1.2375954258874173,1.0,NS
Gene_213,0.2760887785303119,0.09588467888686976,2.2626826929689376,1.6944109539370142,1.0,NS
Gene_214,0.2515489982454788,0.13261263770467213,1.8154705207241801,1.3649784654850081,1.0,NS
Gene_215,0.44209490533413365,0.009904449143991995,2.187832756154105,1.3464521452602585,1.0,NS
Gene_216,0.35379833796274185,0.04688071797014017,1.9764716132781457,1.329152007777118,1.0,NS
Gene_217,0.07684882769945323,0.6246058389361105,1.8412693502124824,1.6938822219225977,1.0,NS
Gene_218,0.21898396898006078,0.19464189828694717,2.208029312410915,1.756243512755265,1.0,NS
Gene_219,0.13486505339565236,0.41376241435260963,1.819044777149623,1.5674591814969439,1.0,NS
Gene_220,0.3729476324421799,0.014942961906115321,1.925567181354318,1.2591322290848665,1.0,NS
Gene_221,0.20908611509295216,0.22417059939592385,2.054103518663794,1.6420593004679187,1.0,NS
Gene_222,0.13253837395236356,0.41363103386355626,1.768178340050553,1.5252015079401744,1.0,NS
Gene_223,0.4789601734599196,0.004629816273448276,1.9358685733291716,1.1064697711555336,1.0,NS
Gene_224,0.16296627138552888,0.2743686318820512,1.9431408185314671,1.628774334896047,1.0,NS
Gene_225,0.3589297669618903,0.022418327376187996,2.034756381573474,1.3663294413076352,1.0,NS
Gene_226,0.2082619153087899,0.22232221065237626,2.262063765666123,1.823575226073558,1.0,NS
Gene_227,0.38016079261089475,0.01439538263722397,1.9708285080571186,1.282641879610573,1.0,NS
Gene_228,0.15465469917067676,0.37019374573510055,1.8777903193998793,1.5852553403020202,1.0,NS
Gene_229,0.1646156791274569,0.25146492958177796,1.9215493759230384,1.6065074667498012,1.0,NS
Gene_230,0.46663980930768845,0.011902197856512859,2.1765666899942078,1.2987164182957065,1.0,NS
Gene_231,0.45065059958883213,0.01329728765491061,2.1079587642779773,1.27413320790747,1.0,NS
Gene_232,0.392996179071623,0.01251886356091973,2.0195276732694767,1.2995103893559652,1.0,NS
Gene_233,0.31819902855457904,0.03534377048966913,1.8154576164874572,1.2581955213147722,1.0,NS
Gene_234,0.23916410645957353,0.09066821931223867,1.9657524833060187,1.5126924382822715,1.0,NS
Gene_235,0.1751557092108651,0.29066268858622485,1.8427843256295808,1.5177742629242075,1.0,NS
Gene_236,0.5526762129912568,0.0025980499774526603,2.261176115374176,1.2233208201072774,1.0,NS
Gene_237,0.23039565153289754,0.12122240273221849,1.89494050591652,1.4676504519643612,1.0,NS
Gene_238,0.2009889977136048,0.16558642237637158,1.853111675907536,1.4820758781822059,1.0,NS
Gene_239,0.12298851506323394,0.41631607702601614,1.8020938316012203,1.5731164539490947,1.0,NS
Gene_240,0.2746596248446451,0.08539453554262347,1.808099549426745,1.3213023664835095,1.0,NS
Gene_241,0.37556096970447883,0.025017603898636644,1.980040926878794,1.2970323495425553,1.0,NS
Gene_242,0.1020503908151329,0.5164724448968118,1.9249986172589633,1.7252442776809855,1.0,NS
Gene_243,0.01352192054502166,0.9244093951114385,1.6095624879200552,1.5852181549557616,1.0,NS
Gene_244,0.16695685069958288,0.30416237328766427,2.1263505366901083,1.784701513717255,1.0,NS
Gene_245,0.2052639277118138,0.2463343979938524,2.1400472611272874,1.7236141729173642,1.0,NS
Gene_246,0.17757450087527715,0.21902347258006477,2.0614838273781726,1.706928087030587,1.0,NS
Gene_247,0.3501338252334778,0.019374824837618564,2.0216318658905386,1.3705044121050376,1.0,NS
Gene_248,0.4239262825398731,0.004613184232890606,2.304935057612562,1.4634763821985666,1.0,NS
Gene_249,0.4218786760716118,0.008282318403564672,1.8149539469248686,1.1012278970152785,1.0,NS
Gene_250,-0.017906450395999363,0.9048615100415738,1.8034287852639812,1.8384412327427375,1.0,NS
Gene_251,0.23656200852415687,0.15226537979663915,2.076104144018843,1.610891199495764,1.0,NS
Gene_252,0.2855337994605911,0.06859504944045303,2.132383077671885,1.5699260739082146,1.0,NS
Gene_253,0.3668953679788107,0.030791856995928586,2.0034611645855245,1.3290322903978613,1.0,NS
Gene_254,0.09258277084968514,0.5161728799252823,1.685725232220727,1.5187866815875604,1.0,NS
Gene_255,0.2340931076411774,0.12982167796959454,1.8796659852026836,1.4483475619961834,1.0,NS
Gene_256,0.5036199815369307,0.0020636446465971225,2.1723984943966754,1.2376028897524243,1.0,NS
Gene_257,0.20629248152862223,0.18994075269207142,2.113143937993728,1.698354320235573,1.0,NS
Gene_258,0.25804988704731113,0.10556407700113817,1.9385984206646225,1.4573073772103629,1.0,NS
Gene_259,0.42256248348305814,0.016383881315969774,2.072028026935548,1.2920347142211293,1.0,NS
Gene_260,0.04457832902395564,0.7472603032920517,1.6677947704913476,1.5866222123009541,1.0,NS
Gene_261,0.4529553807574531,0.005195702150528792,1.881246879136937,1.1048798760738854,1.0,NS
Gene_262,0.22014051831710946,0.15877813106098515,2.037351207537478,1.6075107815203493,1.0,NS
Gene_263,0.5743445947528123,9.888556775280232e-05,2.074442611761406,1.0647688515195206,0.04944278387640116,NS
Gene_264,0.3410572957573732,0.03299133711391736,2.010718759908533,1.3768496585073333,1.0,NS
Gene_265,0.3559704569185438,0.027922645575237045,2.285045451890407,1.566750159806112,1.0,NS
Gene_266,0.21561419241417235,0.136144696373174,1.9548946000560745,1.5446945224369215,1.0,NS
Gene_267,0.2250560528183676,0.11191887381469401,1.859709604326048,1.44665825085804,1.0,NS
Gene_268,0.31527597699269716,0.06167845038615731,2.1008376867842884,1.4921346739484296,1.0,NS
Gene_269,0.11589802353252754,0.4029483548039893,1.900323371204888,1.676440793778654,1.0,NS
Gene_270,0.3571891595387029,0.020122415194145316,2.026900925073264,1.3630535037376572,1.0,NS
Gene_271,0.32045209050013534,0.05454380705229859,2.12862880365805,1.5054650440475712,1.0,NS
Gene_272,0.3983529399205854,0.024755759088018598,2.077099117353535,1.3346689201498299,1.0,NS
Gene_273,0.4518574812153666,0.010082974795498632,2.2679951400424487,1.3892343303417047,1.0,NS
Gene_274,0.2205945955420361,0.19100437618718696,2.1434074130459293,1.69770888859412,1.0,NS
Gene_275,0.14929860034352083,0.30161292869236694,1.860646955020414,1.5794131283072181,1.0,NS
Gene_276,0.4218601092585206,0.00965715780263249,2.004662362601892,1.2428649805735446,1.0,NS
Gene_277,0.20729238289593233,0.19361628519421994,1.945292690686071,1.5510985416289864,1.0,NS
Gene_278,0.37167626162397416,0.021988755421672484,2.0718415135078754,1.3741770459573674,1.0,NS
Gene_279,0.24196692393767094,0.11178493349546312,1.9115811825343496,1.4620088051940852,1.0,NS
Gene_280,0.007583953050092296,0.9621058515163032,2.1050729700107094,2.088793063415017,1.0,NS
Gene_281,0.2523102000474948,0.09463260215252815,2.0308437344446886,1.544547761056772,1.0,NS
Gene_282,0.08520509022719502,0.5741973215478764,1.6819975319984746,1.5281863718000124,1.0,NS
Gene_283,0.03156934743341755,0.8397290071949144,2.0882723713017,2.0214281810964008,1.0,NS
Gene_284,0.29176900623150503,0.05991298974911288,2.046726768490291,1.488870416697985,1.0,NS
Gene_285,0.31789745763113864,0.04548976313583309,2.094640581585482,1.4826388433135917,1.0,NS
Gene_286,0.0978578418637146,0.4329853012541337,1.5460844516274266,1.3791107483533103,1.0,NS
Gene_287,0.12776390575612484,0.42889614400799436,1.9394769198940582,1.6903531191708014,1.0,NS
Gene_288,0.21399830013355703,0.18863873382411123,1.8768190509954747,1.4802338973521925,1.0,NS
Gene_289,0.2782947383654448,0.07663791069678952,2.084770578787261,1.543594084195146,1.0,NS
Gene_290,0.04882073027118872,0.7357963494991306,1.8271811439015326,1.7331101272064628,1.0,NS
Gene_291,0.3466704077706477,0.02004018229065407,1.976541635573167,1.340743200235629,1.0,NS
Gene_292,0.23032908983123024,0.17389734929364511,2.130539272831925,1.6685982168621316,1.0,NS
Gene_293,0.1944577906488758,0.20041577353050463,1.9055056287005074,1.5391250684809168,1.0,NS
Gene_294,0.20996175737053635,0.14546690644291094,2.0090036894380017,1.601464676777285,1.0,NS
Gene_295,0.1561421873069706,0.30596839534567016,1.9755625370088208,1.6703340909863948,1.0,NS
Gene_296,0.38317388318289636,0.015927045113835997,1.9202547248418411,1.2391021289434954,1.0,NS
Gene_297,0.2807546761850701,0.06154241092830656,1.818725209468842,1.3202627118566599,1.0,NS
Gene_298,0.2410472103952963,0.16086865122563326,1.9868499391321217,1.5272660497700852,1.0,NS
Gene_299,-0.0046571366185590435,0.9748346676265367,1.9105152237948582,1.9199257838822321,1.0,NS
Gene_300,0.1507840754708576,0.307458433247613,1.9624577656625741,1.6684657806172498,1.0,NS
Gene_301,0.17562505302617537,0.28339546059409215,1.8610645607926903,1.5331403276963187,1.0,NS
Gene_302,0.23121868151328617,0.17159983417763897,2.091591746696657,1.6337732385673653,1.0,NS
Gene_303,0.48982808275658796,0.0072892062283991645,2.359858865903123,1.3925889309510504,1.0,NS
Gene_304,0.2020668224969353,0.15693347486643724,1.9765918815134227,1.5875641066837982,1.0,NS
Gene_305,0.1911614581236576,0.20547489859222492,1.9474241338985008,1.5816496355501974,1.0,NS
Gene_306,0.44043952814993026,0.011632798122185681,2.2889150534103213,1.4236346193325609,1.0,NS
Gene_307,0.3261520309160122,0.03421270811567989,1.8647963275326669,1.285136813360854,1.0,NS
Gene_308,-0.0013266898622834589,0.9916669935270641,1.676577235359779,1.6790397246680013,1.0,NS
Gene_309,0.21973806686016428,0.11497970400945827,1.90374691780973,1.493509415823861,1.0,NS
Gene_310,0.5115022374502174,0.005250443787170805,2.280999727836618,1.3015937949722989,1.0,NS
Gene_311,0.1442778883399236,0.3509366850153941,2.106637841721643,1.8109858273285042,1.0,NS
Gene_312,0.48895510196375014,0.0016932499194170648,2.099690926000757,1.2086568153160508,0.8466249597085324,NS
Gene_313,0.22898604263799638,0.13674838240768866,1.8500065602463085,1.4317235026028632,1.0,NS
Gene_314,0.3064216836823721,0.061066951912056855,1.9514302887997548,1.3866592157499311,1.0,NS
Gene_315,0.2130678403107178,0.16931291297422693,1.9705226567991636,1.5626722027327011,1.0,NS
Gene_316,0.294303256823359,0.05003818619296258,1.9287498581352003,1.3882961164457412,1.0,NS
Gene_317,0.3035213090586344,0.06736370716425032,2.0925666082436303,1.5058209968106064,1.0,NS
Gene_318,0.23784743797250885,0.13098297209616572,2.004343995821701,1.5477126558014545,1.0,NS
Gene_319,0.39512127745723213,0.012395797769963478,1.8164162465118756,1.1416745921818725,1.0,NS
Gene_320,0.47897436606676447,0.0023545791129335287,2.0589634820768214,1.194768108980175,1.0,NS
Gene_321,0.3554817573654019,0.05142222935962812,2.1541634879395146,1.4653213015330757,1.0,NS
Gene_322,0.3666733159726838,0.018376130662192878,2.01316743309066,1.336918669422498,1.0,NS
Gene_323,0.1371785326556827,0.35385014145728966,2.24866768318763,1.9539996201285712,1.0,NS
Gene_324,0.2048070703949314,0.17517706185188497,1.8175576813403316,1.4446671919366714,1.0,NS
Gene_325,0.5614403180474052,0.0020781852127636606,2.3320055206628156,1.2578512973748643,1.0,NS
Gene_326,0.0831872872344166,0.6535300735911239,2.01866825161257,1.8495318688238727,1.0,NS
Gene_327,0.18578840679635333,0.2383436494557608,1.944584778343226,1.5887861677056991,1.0,NS
Gene_328,0.618622887341012,0.0002903969580859116,2.018125411058321,0.9656818914070281,0.1451984790429558,NS
Gene_329,0.28469315831588693,0.07548892650179567,1.8880708856700041,1.370864142117321,1.0,NS
Gene_330,0.29264076889790025,0.06478163807861248,2.0032618275678846,1.4518818947008834,1.0,NS
Gene_331,0.25617310290356143,0.1296934340371084,1.93072531470148,1.4539139391700118,1.0,NS
Gene_332,0.4157307031167201,0.01904219489663208,1.9672612746921863,1.2243769032612277,1.0,NS
Gene_333,0.4175552790068202,0.012961904809815634,1.9937504861243744,1.2413977800054274,1.0,NS
Gene_334,0.4087793185125945,0.019969579136751625,2.0560113665998974,1.3019724874352285,1.0,NS
Gene_335,0.34348679210041366,0.04558445279960379,2.1979938828659793,1.5204483443072254,1.0,NS
Gene_336,0.33764295021561064,0.050977435755432184,2.0391608689139464,1.4049886600109316,1.0,NS
Gene_337,0.2555890307970641,0.11732087137353568,1.9194072002199363,1.4454270395237936,1.0,NS
Gene_338,-0.11815133005474432,0.38553865444724,1.6265052326586291,1.8506596252933616,1.0,NS
Gene_339,0.24698221044247326,0.09786227241323953,1.9675818127944507,1.5006542406737566,1.0,NS
Gene_340,0.242302315275162,0.1159582548357312,1.93260453973563,1.4792095583664406,1.0,NS
Gene_341,0.31646198046666796,0.03039817623979179,1.8797401816067696,1.3125373597546062,1.0,NS
Gene_342,0.5319954652584034,0.0023213886737215596,2.0276812410147667,1.0939367418443566,1.0,NS
Gene_343,0.13620920769130618,0.33924318146880694,1.9442735014769432,1.6790146783574602,1.0,NS
Gene_344,0.4059026997619217,0.015116302501217945,1.8852914618033663,1.1777137970371894,1.0,NS
Gene_345,0.3353762315760005,0.04742397873065851,2.013180806282092,1.3881790641985463,1.0,NS
Gene_346,0.05956616537658199,0.7224030821859806,2.077552669422069,1.9530737400885503,1.0,NS
Gene_347,0.20245312112890157,0.2074318194444289,1.862076767555966,1.4873495199141735,1.0,NS
Gene_348,0.3954657060925566,0.013994554850101926,2.035554076606706,1.3077615551254105,1.0,NS
Gene_349,0.3509754350633214,0.05091564576664689,1.8212847204247486,1.2120390176043803,1.0,NS
Gene_350,0.12360988441513987,0.4064057912099981,1.7958457300017374,1.5662733924426266,1.0,NS
Gene_351,0.36101364122623103,0.027260543880103818,2.1058174222112878,1.4182432653521266,1.0,NS
Gene_352,0.4980813641944921,0.005732954805290887,2.037091397097104,1.1504058394542869,1.0,NS
Gene_353,0.019875478610869468,0.9072710105888337,1.9056969084052526,1.8659406738073832,1.0,NS
Gene_354,0.3033040027359011,0.047395691256943144,2.00639712445218,1.4363672035285262,1.0,NS
Gene_355,0.14314151501270045,0.3178389507777441,2.025396495477517,1.7396331326073917,1.0,NS
Gene_356,0.420025745593833,0.0187726500586215,2.055925768580799,1.2840334094741628,1.0,NS
Gene_357,0.3841772781267625,0.018418587875790465,1.9676158708412863,1.2738342334002957,1.0,NS
Gene_358,0.4123188420293089,0.007571412334511227,2.084753265977592,1.3179288101754776,1.0,NS
Gene_359,0.13669624785652457,0.3641964851730075,1.8876002903371711,1.6265604827463518,1.0,NS
Gene_360,-0.08720480631902094,0.5597218242907598,1.8512665899318796,2.028928960673785,1.0,NS
Gene_361,0.28820659974966945,0.06358175177131076,1.9109095084253034,1.3838003172838438,1.0,NS
Gene_362,0.19250389689444236,0.1938096814168789,2.136063277879037,1.7443239124712067,1.0,NS
Gene_363,0.5308184131478748,0.001101461866548995,2.266372408779871,1.2608587693447755,0.5507309332744975,NS
Gene_364,0.1700631991531225,0.27689101449280745,1.8634608163310702,1.5450546974938542,1.0,NS
Gene_365,0.2298789052778265,0.13219441524291461,1.9729255497444893,1.5350328271055773,1.0,NS
Gene_366,0.21271904915885909,0.1839279850942964,2.0277128226369117,1.6126417685518653,1.0,NS
Gene_367,0.2086939172719824,0.20559828822006712,2.057025050498929,1.6453057047563622,1.0,NS
Gene_368,0.2128892714825117,0.1786597196082546,1.8327633811635957,1.4441296708243019,1.0,NS
Gene_369,0.2691464998814992,0.0787273808222883,2.176178134864473,1.6356253862418495,1.0,NS
Gene_370,0.19922840613449289,0.21507759593045378,1.8885806577135862,1.5160007868748402,1.0,NS
Gene_371,0.1189539559446946,0.4135776664577818,1.772291219995452,1.5528784701079774,1.0,NS
Gene_372,0.030338965560172237,0.851624203953508,1.8533263134280995,1.7939491830824077,1.0,NS
Gene_373,-0.010539434506639633,0.9435115470606206,1.9115473860315233,1.9328952261671466,1.0,NS
Gene_374,0.5579525732646309,0.001658756532808514,2.0863978318359084,1.096483479658075,0.829378266404257,NS
Gene_375,0.29091788917312034,0.06705992699048734,2.0331840561333014,1.4792695902210653,1.0,NS
Gene_376,0.544251464172639,0.002046149497325916,2.140947312845775,1.1538955330342784,1.0,NS
Gene_377,0.20072486202457007,0.22370711877460994,2.0829803023822664,1.6825420943160816,1.0,NS
Gene_378,0.23055028706363712,0.15592180060380373,1.8595669245149802,1.437236722844761,1.0,NS
Gene_379,0.20429914718442133,0.15617075689833895,1.8612857082293113,1.4834822150251974,1.0,NS
Gene_380,0.33837624081140816,0.020770612025912422,1.9934546214855073,1.3676160787363631,1.0,NS
Gene_381,0.3081222620319386,0.06467370076124335,1.850744571891126,1.3025245151069829,1.0,NS
Gene_382,0.46976598589614227,0.01100367009665768,2.392539885575784,1.4496910167646535,1.0,NS
Gene_383,0.14852433056677716,0.35432406916053305,1.9168609086108916,1.6315125257943537,1.0,NS
Gene_384,0.2731932671538917,0.07239730844661706,2.046495207279241,1.520932000558617,1.0,NS
Gene_385,0.421443502558307,0.01284926907955098,1.9926198254824874,1.2345208583184637,1.0,NS
Gene_386,0.038649023973445606,0.7818523710516712,1.9402497566274877,1.862527760938227,1.0,NS
Gene_387,0.5237140206480939,0.0025542466294416815,2.297081672701147,1.2933802909536587,1.0,NS
Gene_388,0.1920466683407427,0.19301553204535912,1.9083493074283564,1.5458614125147867,1.0,NS
Gene_389,0.09604067141033723,0.5620092940472114,2.160619404979017,1.9570664183573188,1.0,NS
Gene_390,0.3904807582654324,0.023322638737840105,2.2827935446031464,1.5043622559654768,1.0,NS
Gene_391,0.2473371248711418,0.0874074715505019,1.85944811349265,1.4089419064993856,1.0,NS
Gene_392,-0.0895837305436864,0.5314505037824497,1.8222625138661994,2.003065449303411,1.0,NS
Gene_393,0.35183752518172406,0.03126729681945602,2.134269377693255,1.4559678135365106,1.0,NS
Gene_394,0.22868210333926653,0.1428910068765405,2.010595776537197,1.5692849648578886,1.0,NS
Gene_395,0.20931213701806084,0.12865634445138047,1.7702460708483583,1.3961230440146588,1.0,NS
Gene_396,0.3256007358213524,0.05533189285250514,1.9418257810575523,1.3474770848574265,1.0,NS
Gene_397,0.4406432833812648,0.008844401615448022,2.0556668301446575,1.251433657250818,1.0,NS
Gene_398,0.305933763677096,0.03596076205393287,1.971078029808605,1.4033599422157679,1.0,NS
Gene_399,0.36044094251747727,0.024861419357253833,2.042325923751486,1.3697482036239927,1.0,NS
Gene_400,0.18751055563147,0.2786035984325426,1.8999383587572174,1.5464928720047044,1.0,NS
Gene_401,0.3651820964908854,0.01963585765855027,2.060512435947861,1.3760927195019275,1.0,NS
Gene_402,-0.0017320786315224712,0.9908211478855171,1.8830853538891745,1.8865488228086411,1.0,NS
Gene_403,0.08182440493008003,0.6011932956658952,1.8878273233851737,1.7285984049877576,1.0,NS
Gene_404,0.3321951132943468,0.022031798457025038,1.7522021635755738,1.1861483951858474,1.0,NS
Gene_405,0.3516920854350152,0.0481983366284894,2.355502200262712,1.629587708020929,1.0,NS
Gene_406,0.26836696648825376,0.05873612786082503,1.8569674330732784,1.3720223843781654,1.0,NS
Gene_407,0.2529471994814241,0.10340371389176653,2.14504188168503,1.6392573448739622,1.0,NS
Gene_408,0.5567974652034564,0.0029818629811094056,2.0250445479615444,1.05645417374466,1.0,NS
Gene_409,0.43593510667460134,0.0086677529432747,2.0550522332345746,1.2583388028040827,1.0,NS
Gene_410,0.02246689512548694,0.8741225076467523,1.8747769597707509,1.8303552307685964,1.0,NS
Gene_411,0.19917517882496805,0.213730882426956,1.7390556635730559,1.3858501050896834,1.0,NS
Gene_412,0.35438530834360704,0.042467979508350816,2.1797082450549463,1.487176840973751,1.0,NS
Gene_413,0.1380759542182568,0.3686103363725761,1.9828590794074552,1.7106143451193634,1.0,NS
Gene_414,0.34499951291132325,0.022848841653466515,1.8591140908437425,1.2510040896358825,1.0,NS
Gene_415,0.23177757413878797,0.16544458622854463,2.1983195665588213,1.7236409353766728,1.0,NS
Gene_416,0.08777418125637171,0.5600628959105927,1.9848141394996874,1.808630656783544,1.0,NS
Gene_417,0.2597038025237419,0.08791780857008877,1.9311134453720467,1.4482400214623852,1.0,NS
Gene_418,0.17626180796811153,0.22050440305775446,1.7822843860076714,1.4623026202199823,1.0,NS
Gene_419,0.39387529035334956,0.03709290263756718,2.086005552982121,1.3487047508372176,1.0,NS
Gene_420,0.4534033395162491,0.016662814051480342,2.239894146100232,1.3661529581264278,1.0,NS
Gene_421,0.4479446090734862,0.008225132239330859,2.3774551216465936,1.4759668358559004,1.0,NS
Gene_422,0.21320571300986035,0.15538060597106407,1.9325706500823472,1.5296892130518323,1.0,NS
Gene_423,0.22499093747540821,0.13552366962846626,2.0774054336076624,1.633029320755214,1.0,NS
Gene_424,0.5249113290088367,0.0013824803407768511,2.0970311785636393,1.1524423206994663,0.6912401703884256,NS
Gene_425,0.19264862631251534,0.25751219269958875,2.0683785082799093,1.6848245912959576,1.0,NS
Gene_426,0.3905879519886928,0.005882200838885219,1.7057555444738306,1.0640008298003314,1.0,NS
Gene_427,0.37859444559944144,0.016883173449844524,1.9957530329457154,1.3042931211277735,1.0,NS
Gene_428,0.08206149814732822,0.5848842984896265,1.9308438700334956,1.768788045454878,1.0,NS
Gene_429,0.19390176726606456,0.20756101820684722,2.012454857614111,1.6336029467194602,1.0,NS
Gene_430,0.15934981100298096,0.2973467412136276,1.9076181554636156,1.603564247126058,1.0,NS
Gene_431,0.013327628527954216,0.9185273166543331,1.6189112873954792,1.5948291702729165,1.0,NS
Gene_432,0.4123471836938748,0.015662607109669175,2.194279026186656,1.400180919578209,1.0,NS
Gene_433,0.13661164215718768,0.36707921082104145,1.743126554490903,1.495293539919405,1.0,NS
Gene_434,0.20443825529721193,0.2398625146044935,2.20854525663798,1.7846211813921746,1.0,NS
Gene_435,0.3812971526712625,0.01597611004844768,1.9268219235546462,1.2470587083372988,1.0,NS
Gene_436,0.30492605922905347,0.027336356485968792,1.9413925143660016,1.3810093045378233,1.0,NS
Gene_437,0.3873046219468945,0.015496135215146542,1.937858679851233,1.2461595003194403,1.0,NS
Gene_438,0.27838474088920684,0.09215812162159531,2.2126918911628297,1.6489082734648934,1.0,NS
Gene_439,0.15354280926691222,0.2927297681876103,1.918737496897502,1.6240617232076457,1.0,NS
Gene_440,0.1951114580841784,0.25179943047239245,1.960134042083588,1.5856930972065022,1.0,NS
Gene_441,0.5893725621859212,0.0004741033484315849,2.366873633743789,1.2377316104956595,0.23705167421579243,NS
Gene_442,0.23122686553890826,0.1448570487658868,1.9027448028265235,1.472877675178113,1.0,NS
Gene_443,0.060727621588129166,0.7197695406144977,2.1277165525317923,1.998793444768909,1.0,NS
Gene_444,0.06105978857254479,0.6528192195657636,1.9626703753822965,1.8398964640566802,1.0,NS
Gene_445,0.4642674477224584,0.004895126852603783,2.1254730365241032,1.2654648530358172,1.0,NS
Gene_446,0.38964079784122596,0.01596270194158203,1.9518855100857855,1.253232161610139,1.0,NS
Gene_447,0.2981866362914263,0.05061133238050651,2.0217058722328276,1.4574747640727594,1.0,NS
Gene_448,0.3670253745818757,0.016151190398320244,1.9437264137230597,1.2825053167583949,1.0,NS
Gene_449,0.16947858388056813,0.2691407344913823,2.2023553538839566,1.84741904166465,1.0,NS
Gene_450,0.025351565283930677,0.8593693957278086,1.683264588211528,1.636525144806402,1.0,NS
Gene_451,0.43714037835412145,0.014223313258034123,2.087744131563957,1.2805990484742487,1.0,NS
Gene_452,0.3441319413283397,0.04731666979296317,1.8588887728072292,1.2521806473801531,1.0,NS
Gene_453,0.279697108130184,0.06791246245149175,1.8813165917641674,1.373524728876094,1.0,NS
Gene_454,0.15041600344487982,0.34342100677047993,1.9586051508801419,1.6656754982470847,1.0,NS
Gene_455,0.4179922421185205,0.014114487852018963,2.158443005237966,1.3639856804605575,1.0,NS
Gene_456,0.29405598186656934,0.06623730196764202,2.0565997819932536,1.4929806456429384,1.0,NS
Gene_457,0.2977804235387369,0.02927034252852892,1.963003872686877,1.4104125480213463,1.0,NS
Gene_458,0.035108849492805794,0.8202804462741953,1.9744812759195947,1.9029691635641015,1.0,NS
Gene_459,0.32622636769225366,0.042325267198078415,2.017391591768082,1.4067321183279373,1.0,NS
Gene_460,0.30998509429339083,0.03920175961829639,2.010351147918741,1.4283000345320083,1.0,NS
Gene_461,0.21060582642712644,0.15281760256117413,1.893709440637447,1.500669229277987,1.0,NS
Gene_462,0.3615093265904994,0.018899484417408657,2.0704333718141803,1.3898713705022467,1.0,NS
Gene_463,0.293396774942031,0.047029169516343956,1.6054916490287752,1.126025433434571,1.0,NS
Gene_464,-0.05519741374530618,0.7102183932978633,1.8999832998500807,2.0130863232860112,1.0,NS
Gene_465,0.4746631210815109,0.003030366595585117,2.2139109156261734,1.3128421708589648,1.0,NS
Gene_466,0.2294511824450003,0.1650197946675574,2.115534606297893,1.6574242338990033,1.0,NS
Gene_467,0.2986880640152523,0.0448787361312966,1.9649331279714395,1.4104650337547298,1.0,NS
Gene_468,0.19937018544958995,0.250101464782255,2.086064158760064,1.6877479833155289,1.0,NS
Gene_469,0.5507915677464692,0.001030097996991739,2.2545521750604673,1.2217053203297192,0.5150489984958695,NS
