,T cells,CD8+ T cells,Cytotoxic T cells,NK cells,B cells,Plasma cells,M1 Macrophages,M2 Macrophages,DC,Neutrophils,Monocytes
TCGA-BRCA-T0,78.25,82.75,28.499999999999996,3.25,35.875,58.375,89.125,94.125,33.125,0.0,81.0
TCGA-BRCA-T1,17.0,43.5,30.25,2.5,83.625,0.625,77.75,86.625,80.25,0.0,83.5
TCGA-BRCA-T2,7.375,21.25,54.25,12.5,61.625,49.25,26.875,98.875,6.875000000000001,0.0,95.375
TCGA-BRCA-T3,83.0,16.0,45.5,8.875,92.0,62.25000000000001,83.75,78.5,1.5,0.0,28.999999999999996
TCGA-BRCA-T4,88.75,37.875,14.124999999999998,63.125,94.875,88.375,89.0,51.5,93.875,0.0,54.125
TCGA-BRCA-T5,79.75,65.625,65.875,0.25,46.75,39.375,16.5,40.375,83.5,0.0,4.0
TCGA-BRCA-T6,79.625,87.25,88.0,59.75,93.375,34.5,93.5,90.25,71.5,0.0,87.375
TCGA-BRCA-T7,9.0,78.125,89.875,62.625,36.25,1.25,41.375,7.124999999999999,89.25,0.0,17.375
TCGA-BRCA-T8,91.875,45.625,61.75000000000001,19.125,92.375,56.99999999999999,31.0,68.125,64.0,0.0,67.0
TCGA-BRCA-T9,71.875,32.5,18.25,11.875,83.375,61.625,10.625,37.375,14.124999999999998,0.0,7.75
TCGA-BRCA-T10,2.0,13.125,4.0,40.625,80.875,80.0,33.625,20.625,20.625,0.0,46.0
TCGA-BRCA-T11,91.25,48.125,41.75,91.0,55.375,44.125,40.25,96.125,80.625,0.0,67.25
TCGA-BRCA-T12,48.375,4.5,24.875,20.75,21.75,20.25,78.375,38.25,74.875,0.0,70.875
TCGA-BRCA-T13,30.5,53.87499999999999,40.125,92.25,17.625,1.625,40.0,93.0,48.875,0.0,36.625
TCGA-BRCA-T14,64.375,0.8750000000000001,15.125,21.625,6.75,39.75,90.0,35.625,46.25,0.0,72.125
TCGA-BRCA-T15,17.875,67.625,77.75,2.625,30.125,53.87499999999999,72.375,91.0,26.625,0.0,58.12500000000001
TCGA-BRCA-T16,80.25,85.75,86.125,32.375,31.25,20.375,29.875,38.375,70.25,0.0,12.125
TCGA-BRCA-T17,94.75,93.875,98.25,98.625,3.875,19.5,80.875,43.875,98.25,0.0,2.75
TCGA-BRCA-T18,55.25,65.0,35.875,79.75,82.5,83.375,98.125,72.125,6.25,0.0,4.375
TCGA-BRCA-T19,66.875,47.125,88.625,51.625,56.125,39.5,17.625,41.125,4.0,0.0,97.5
TCGA-BRCA-T20,54.50000000000001,74.5,36.5,58.12500000000001,3.0,4.0,96.625,89.5,4.875,0.0,25.0
TCGA-BRCA-T21,86.625,58.25,52.0,24.125,44.0,41.0,9.0,80.875,76.0,0.0,89.25
TCGA-BRCA-T22,71.0,24.125,74.25,9.375,46.125,4.625,26.125,78.125,100.0,0.0,11.25
TCGA-BRCA-T23,77.0,24.25,15.875,32.25,75.75,82.625,30.375000000000004,3.25,31.874999999999996,0.0,11.375
TCGA-BRCA-T24,42.375,4.375,28.625,84.5,65.5,96.375,35.25,57.125,90.125,0.0,16.375
TCGA-BRCA-T25,4.25,65.5,23.75,25.0,25.624999999999996,21.0,11.5,29.125,99.25,0.0,45.25
TCGA-BRCA-T26,98.25,22.625,92.625,26.625,86.375,87.75,19.625,94.375,92.125,0.0,51.87500000000001
TCGA-BRCA-T27,70.75,12.875,22.375,54.87499999999999,43.625,42.0,83.875,29.75,36.25,0.0,58.62500000000001
TCGA-BRCA-T28,58.75,57.75,57.125,56.99999999999999,39.25,95.25,79.375,6.5,5.0,0.0,53.125
TCGA-BRCA-T29,66.25,80.5,82.5,64.625,85.625,98.75,8.625,8.25,73.625,0.0,80.125
TCGA-BRCA-T30,44.125,55.25,47.5,67.375,25.124999999999996,62.375,26.75,30.5,63.74999999999999,0.0,24.0
TCGA-BRCA-T31,2.25,56.875,85.375,0.8750000000000001,51.74999999999999,58.75,11.125,35.25,13.375,0.0,85.5
TCGA-BRCA-T32,12.375,24.875,77.375,52.87500000000001,89.25,42.75,69.5,23.25,48.625,0.0,13.125
TCGA-BRCA-T33,64.5,49.875,75.25,42.25,70.0,80.875,86.375,43.125,76.25,0.0,96.875
TCGA-BRCA-T34,27.625,50.875,56.99999999999999,69.5,7.5,64.375,51.87500000000001,77.875,60.875,0.0,94.75
TCGA-BRCA-T35,61.75000000000001,52.37500000000001,52.37500000000001,85.375,43.75,57.875,8.25,69.75,39.75,0.0,35.625
TCGA-BRCA-T36,74.0,2.375,10.75,19.75,52.0,46.75,59.62499999999999,21.375,88.375,0.0,45.0
TCGA-BRCA-T37,52.625,63.24999999999999,80.375,88.75,18.875,27.750000000000004,48.5,80.75,38.875,0.0,85.625
TCGA-BRCA-T38,90.625,94.375,89.125,6.5,14.75,52.75,87.5,71.125,9.625,0.0,39.375
TCGA-BRCA-T39,80.75,96.0,90.125,85.0,79.125,17.375,68.625,24.875,40.5,0.0,59.375
TCGA-BRCA-T40,71.375,7.875,86.5,28.499999999999996,22.875,80.75,35.625,76.125,96.0,0.0,81.25
TCGA-BRCA-T41,85.25,2.5,2.25,90.625,26.375,0.5,44.875,31.75,9.125,0.0,88.625
TCGA-BRCA-T42,18.125,40.75,65.0,86.625,80.75,68.0,42.875,48.5,82.875,0.0,32.125
TCGA-BRCA-T43,14.75,90.25,82.375,87.125,47.5,13.125,92.125,58.62500000000001,56.625,0.0,1.375
TCGA-BRCA-T44,45.375,14.499999999999998,2.5,18.625,10.625,28.999999999999996,18.0,68.25,9.25,0.0,70.5
TCGA-BRCA-T45,53.5,10.875,26.125,63.375,79.75,81.875,30.875000000000004,70.25,33.0,0.0,85.375
TCGA-BRCA-T46,35.5,76.75,44.0,78.25,90.75,72.375,41.125,41.75,14.374999999999998,0.0,57.125
TCGA-BRCA-T47,23.0,59.875,39.5,33.25,35.125,74.5,4.75,70.625,11.375,0.0,22.125
TCGA-BRCA-T48,49.5,41.625,79.375,28.375,64.875,75.125,77.25,58.25,35.375,0.0,86.625
TCGA-BRCA-T49,69.0,29.25,87.375,27.500000000000004,64.375,24.125,71.25,39.5,54.87499999999999,0.0,60.0
TCGA-BRCA-T50,46.125,15.5,3.75,26.875,80.125,41.125,17.0,42.125,1.625,0.0,33.0
TCGA-BRCA-T51,47.25,62.125,60.875,44.875,27.0,73.375,4.125,85.0,21.125,0.0,73.75
TCGA-BRCA-T52,22.5,49.25,62.74999999999999,34.75,85.375,91.75,63.125,26.875,59.25,0.0,89.5
TCGA-BRCA-T53,77.25,95.0,63.87500000000001,98.875,32.875,6.875000000000001,88.0,59.0,5.625,0.0,43.125
TCGA-BRCA-T54,44.375,51.125,17.25,19.25,17.0,15.5,70.0,41.25,65.5,0.0,81.375
TCGA-BRCA-T55,12.875,18.75,67.25,5.5,97.625,97.0,96.75,89.375,18.25,0.0,27.0
TCGA-BRCA-T56,13.0,39.125,29.375,40.75,59.25,54.125,86.75,37.0,28.875,0.0,32.75
TCGA-BRCA-T57,100.0,60.875,90.5,7.375,1.375,31.5,80.125,77.25,42.0,0.0,40.875
TCGA-BRCA-T58,55.125,99.0,99.0,67.0,3.6249999999999996,31.874999999999996,12.5,27.875,31.75,0.0,66.375
TCGA-BRCA-T59,66.75,86.125,75.75,90.0,49.5,80.5,50.375,27.375,68.0,0.0,1.875
TCGA-BRCA-T60,9.625,75.625,15.25,83.25,90.25,72.625,67.75,38.5,38.125,0.0,28.875
TCGA-BRCA-T61,69.5,36.5,21.0,53.87499999999999,1.0,0.8750000000000001,70.25,8.625,86.125,0.0,97.375
TCGA-BRCA-T62,28.499999999999996,97.0,89.0,44.625,60.62499999999999,34.875,49.5,47.75,93.25,0.0,73.0
TCGA-BRCA-T63,98.875,10.0,56.625,24.5,77.75,87.25,0.8750000000000001,27.625,65.25,0.0,23.5
TCGA-BRCA-T64,4.125,77.0,51.625,41.5,10.125,26.125,64.875,1.625,1.25,0.0,86.125
TCGA-BRCA-T65,21.25,78.25,54.0,97.125,2.5,28.625,30.625000000000004,97.875,73.875,0.0,15.875
TCGA-BRCA-T66,58.12500000000001,63.5,34.25,62.125,25.5,33.0,43.5,7.625,49.625,0.0,71.125
TCGA-BRCA-T67,57.375,65.25,62.625,91.125,42.0,12.625,10.125,74.375,57.25,0.0,2.125
TCGA-BRCA-T68,81.0,43.625,49.25,30.125,13.25,6.5,94.875,88.25,7.249999999999999,0.0,34.125
TCGA-BRCA-T69,3.6249999999999996,35.25,18.0,69.625,80.25,28.749999999999996,91.0,71.75,84.25,0.0,16.0
TCGA-BRCA-T70,11.5,37.75,16.25,75.375,40.0,79.25,26.375,57.875,21.625,0.0,50.0
TCGA-BRCA-T71,65.0,40.625,51.37500000000001,98.75,63.87500000000001,13.875000000000002,63.5,36.375,49.25,0.0,84.875
TCGA-BRCA-T72,82.375,23.625,69.5,56.125,19.75,81.75,57.75,73.5,91.5,0.0,92.375
TCGA-BRCA-T73,23.875,31.0,64.375,5.125,79.625,24.25,1.375,78.0,94.625,0.0,53.5
TCGA-BRCA-T74,36.5,17.625,38.0,54.75,78.375,20.875,21.25,1.375,56.75,0.0,12.25
TCGA-BRCA-T75,16.375,85.125,84.25,82.0,58.75,22.125,84.5,79.625,92.0,0.0,58.875
TCGA-BRCA-T76,38.0,28.749999999999996,2.625,65.625,21.875,16.875,42.375,71.25,23.75,0.0,34.375
TCGA-BRCA-T77,95.375,86.375,59.12500000000001,49.5,54.87499999999999,92.125,80.0,76.5,93.375,0.0,36.875
TCGA-BRCA-T78,27.0,9.625,5.625,56.49999999999999,43.875,36.5,52.0,26.75,19.625,0.0,75.25
TCGA-BRCA-T79,52.0,64.25,23.25,27.250000000000004,72.25,75.25,92.875,90.5,19.25,0.0,72.625
TCGA-BRCA-T80,86.875,1.7500000000000002,72.0,62.375,19.875,31.75,0.125,35.0,29.25,0.0,60.375
TCGA-BRCA-T81,95.625,76.625,79.0,5.25,41.375,78.0,56.25,46.75,93.75,0.0,92.0
TCGA-BRCA-T82,38.75,25.0,83.5,55.875,28.249999999999996,7.249999999999999,44.5,86.75,93.0,0.0,29.375
TCGA-BRCA-T83,96.75,43.875,62.125,13.875000000000002,65.625,25.0,91.125,100.0,40.125,0.0,6.125
TCGA-BRCA-T84,23.625,68.5,83.75,65.75,12.75,63.5,47.875,93.25,78.875,0.0,45.625
TCGA-BRCA-T85,10.125,5.75,7.875,28.875,19.375,51.625,66.25,21.875,26.5,0.0,5.875
TCGA-BRCA-T86,6.0,56.625,67.75,53.125,76.5,87.5,97.375,52.125,75.75,0.0,79.125
TCGA-BRCA-T87,97.125,97.875,87.75,59.62499999999999,38.0,63.625,82.25,67.25,15.625,0.0,93.125
TCGA-BRCA-T88,9.75,38.75,24.25,19.875,26.875,55.25,51.5,28.375,57.62500000000001,0.0,73.5
TCGA-BRCA-T89,20.875,97.625,92.0,93.875,53.87499999999999,92.875,96.375,4.25,86.875,0.0,39.75
TCGA-BRCA-T90,93.875,93.75,92.875,33.0,12.0,24.0,59.12500000000001,36.125,34.375,0.0,76.625
TCGA-BRCA-T91,9.25,60.375,72.125,39.625,98.0,82.125,78.25,40.625,16.75,0.0,76.75
TCGA-BRCA-T92,59.5,57.125,63.125,18.375,45.625,92.625,14.625,16.5,31.624999999999996,0.0,40.375
TCGA-BRCA-T93,63.5,9.25,83.875,88.25,55.125,37.25,71.875,64.25,94.375,0.0,89.375
TCGA-BRCA-T94,18.875,50.375,22.625,14.124999999999998,54.25,9.375,8.5,82.0,56.125,0.0,46.375
TCGA-BRCA-T95,84.625,17.375,48.5,42.0,44.125,71.75,69.0,41.5,61.75000000000001,0.0,8.875
TCGA-BRCA-T96,48.75,34.875,59.75,64.25,67.0,5.75,52.5,2.625,11.25,0.0,40.75
TCGA-BRCA-T97,8.5,36.375,67.875,35.875,47.875,13.750000000000002,54.37499999999999,3.125,32.875,0.0,62.125
TCGA-BRCA-T98,14.000000000000002,42.5,53.625,63.625,59.375,83.5,0.75,92.75,90.875,0.0,30.625000000000004
TCGA-BRCA-T99,2.625,37.25,49.625,37.5,60.75000000000001,39.125,45.5,91.125,24.75,0.0,27.625
TCGA-BRCA-T100,75.0,72.125,14.249999999999998,13.5,47.75,48.75,22.0,77.5,79.875,0.0,96.5
TCGA-BRCA-T101,73.0,28.999999999999996,98.5,6.625,75.5,63.125,66.875,99.25,47.625,0.0,93.875
TCGA-BRCA-T102,79.5,47.0,34.75,89.75,4.75,66.625,90.75,67.0,20.25,0.0,69.375
TCGA-BRCA-T103,56.75,62.5,27.875,6.875000000000001,62.875,50.625,56.00000000000001,90.625,83.125,0.0,48.75
TCGA-BRCA-T104,16.625,5.625,3.25,29.375,67.125,89.625,88.75,39.625,6.375,0.0,46.625
TCGA-BRCA-T105,44.5,80.875,46.75,16.0,51.5,96.125,32.375,17.875,78.625,0.0,94.875
TCGA-BRCA-T106,88.0,91.125,89.75,11.625,42.375,37.0,26.25,7.375,1.375,0.0,89.625
TCGA-BRCA-T107,50.0,17.875,89.625,92.875,30.75,60.62499999999999,2.375,25.374999999999996,33.625,0.0,7.000000000000001
TCGA-BRCA-T108,5.75,28.375,7.124999999999999,15.375,89.75,94.375,11.75,75.5,67.125,0.0,28.249999999999996
TCGA-BRCA-T109,74.125,74.125,50.625,51.125,92.625,85.625,23.0,49.75,6.625,0.0,11.75
TCGA-BRCA-T110,76.625,88.75,20.75,18.75,12.375,17.875,19.125,30.75,59.62499999999999,0.0,86.5
TCGA-BRCA-T111,26.5,44.75,12.25,25.75,70.375,38.25,34.125,76.625,73.125,0.0,55.25
TCGA-BRCA-T112,8.0,23.875,68.625,61.625,91.0,99.5,95.75,18.75,77.75,0.0,52.37500000000001
TCGA-BRCA-T113,22.0,15.75,73.25,48.75,76.375,82.875,55.625,43.0,57.49999999999999,0.0,76.0
TCGA-BRCA-T114,10.625,20.125,98.75,68.375,34.0,4.75,85.75,15.875,21.5,0.0,92.125
TCGA-BRCA-T115,47.125,42.25,28.749999999999996,14.499999999999998,15.75,16.125,43.0,47.625,39.375,0.0,69.75
TCGA-BRCA-T116,31.25,10.375,71.375,4.0,16.625,16.625,16.125,93.125,32.625,0.0,9.625
TCGA-BRCA-T117,65.375,68.25,46.5,44.5,31.374999999999996,7.875,0.5,58.12500000000001,89.125,0.0,75.625
TCGA-BRCA-T118,36.375,47.25,63.625,88.5,62.5,74.875,30.125,40.125,53.87499999999999,0.0,53.75
TCGA-BRCA-T119,65.875,94.25,98.125,60.12499999999999,30.25,49.0,64.0,59.62499999999999,94.5,0.0,86.75
TCGA-BRCA-T120,78.5,68.0,23.875,81.5,45.5,27.625,34.5,64.75,52.75,0.0,63.87500000000001
TCGA-BRCA-T121,33.5,33.75,19.375,85.875,22.625,11.75,62.25000000000001,47.0,30.5,0.0,22.375
TCGA-BRCA-T122,1.0,50.74999999999999,0.75,36.5,9.625,22.5,74.5,18.875,73.75,0.0,84.75
TCGA-BRCA-T123,95.125,37.375,19.625,52.75,6.375,6.0,65.375,91.875,24.875,0.0,16.625
TCGA-BRCA-T124,36.875,70.125,6.0,57.75,53.25,35.5,72.75,68.875,27.750000000000004,0.0,78.5
TCGA-BRCA-T125,67.375,68.75,7.375,45.375,40.5,70.625,84.375,64.5,49.0,0.0,30.375000000000004
TCGA-BRCA-T126,79.875,25.874999999999996,50.875,34.25,38.125,74.625,50.5,6.375,11.5,0.0,63.24999999999999
TCGA-BRCA-T127,85.5,87.375,44.5,52.5,15.0,36.75,0.625,4.875,81.125,0.0,87.25
TCGA-BRCA-T128,19.5,27.750000000000004,43.5,1.875,4.875,16.25,62.74999999999999,14.625,11.875,0.0,47.75
TCGA-BRCA-T129,87.125,77.375,75.0,30.25,40.25,82.375,42.0,27.250000000000004,26.75,0.0,26.125
TCGA-BRCA-T130,22.75,30.625000000000004,33.625,45.75,85.5,86.875,40.625,52.37500000000001,86.75,0.0,66.125
TCGA-BRCA-T131,24.5,96.5,95.375,89.25,59.75,95.625,6.125,65.5,85.5,0.0,64.625
TCGA-BRCA-T132,50.625,51.0,75.125,84.25,68.25,62.5,43.25,15.0,98.625,0.0,90.5
TCGA-BRCA-T133,83.75,59.25,3.375,26.125,79.375,42.125,31.374999999999996,81.125,65.75,0.0,38.0
TCGA-BRCA-T134,25.874999999999996,36.875,46.875,57.62500000000001,64.25,43.0,37.75,73.0,78.75,0.0,39.125
TCGA-BRCA-T135,63.74999999999999,17.0,71.75,32.0,22.125,73.125,14.374999999999998,32.875,28.749999999999996,0.0,10.5
TCGA-BRCA-T136,14.249999999999998,82.0,46.375,74.25,60.375,65.875,31.75,62.125,54.75,0.0,37.75
TCGA-BRCA-T137,16.5,16.25,8.625,70.375,93.0,97.875,89.625,8.5,45.0,0.0,8.0
TCGA-BRCA-T138,53.0,89.875,96.125,86.75,59.62499999999999,55.375,59.375,85.125,14.000000000000002,0.0,57.75
TCGA-BRCA-T139,26.125,20.625,70.0,98.0,86.125,58.62500000000001,36.25,34.625,69.5,0.0,54.0
TCGA-BRCA-T140,25.0,38.625,42.125,12.625,56.625,54.87499999999999,33.125,31.125000000000004,51.625,0.0,6.75
TCGA-BRCA-T141,87.25,45.25,78.25,70.625,25.25,33.75,69.625,72.875,12.0,0.0,56.375
TCGA-BRCA-T142,28.125,40.0,25.374999999999996,66.125,59.875,25.374999999999996,16.375,88.75,10.25,0.0,25.624999999999996
TCGA-BRCA-T143,50.125,3.25,3.5000000000000004,75.875,71.25,92.0,70.375,29.875,15.0,0.0,94.125
TCGA-BRCA-T144,73.625,74.25,43.75,41.0,58.62500000000001,90.375,7.75,73.875,84.625,0.0,83.125
TCGA-BRCA-T145,88.125,82.875,69.375,91.5,64.0,37.625,91.25,34.0,88.875,0.0,29.25
TCGA-BRCA-T146,99.0,63.0,35.75,53.37499999999999,66.25,88.25,7.5,65.0,73.0,0.0,61.0
TCGA-BRCA-T147,31.374999999999996,15.375,21.25,37.125,8.25,57.375,80.625,60.0,94.0,0.0,79.75
TCGA-BRCA-T148,88.5,89.25,84.125,16.75,25.75,10.875,70.5,89.75,12.625,0.0,74.5
TCGA-BRCA-T149,60.25,3.0,8.5,95.5,10.0,30.875000000000004,48.75,15.625,70.125,0.0,17.0
TCGA-BRCA-T150,44.875,7.625,4.875,89.875,54.75,18.0,4.625,25.124999999999996,90.625,0.0,89.75
TCGA-BRCA-T151,54.125,39.375,50.375,9.0,50.74999999999999,36.0,13.5,25.624999999999996,18.0,0.0,83.25
TCGA-BRCA-T152,5.0,6.25,7.75,48.25,72.125,69.375,47.0,64.125,44.75,0.0,0.25
TCGA-BRCA-T153,32.75,71.375,20.625,75.5,80.375,79.5,18.875,80.625,96.75,0.0,29.875
TCGA-BRCA-T154,39.5,10.75,5.25,10.625,85.875,70.5,12.25,10.5,12.125,0.0,70.0
TCGA-BRCA-T155,64.875,46.625,69.25,0.75,99.75,84.375,86.875,13.125,54.37499999999999,0.0,71.5
TCGA-BRCA-T156,67.25,17.25,28.999999999999996,81.125,39.875,43.75,54.87499999999999,77.0,24.5,0.0,91.75
TCGA-BRCA-T157,98.5,72.375,24.625,8.5,21.625,41.5,85.125,93.5,37.375,0.0,53.87499999999999
TCGA-BRCA-T158,40.625,3.6249999999999996,3.0,80.75,20.75,2.375,63.87500000000001,51.87500000000001,64.25,0.0,5.375
TCGA-BRCA-T159,60.0,74.875,41.5,14.000000000000002,24.125,61.875,12.625,77.125,67.0,0.0,23.375
TCGA-BRCA-T160,18.0,25.624999999999996,99.625,56.875,99.0,98.5,35.875,23.0,48.375,0.0,0.75
TCGA-BRCA-T161,67.0,92.75,52.75,19.375,94.375,95.125,79.625,19.625,32.5,0.0,16.25
TCGA-BRCA-T162,48.5,17.75,22.125,67.125,94.125,15.375,52.25,70.5,71.875,0.0,66.75
TCGA-BRCA-T163,37.5,90.0,44.625,56.625,30.5,70.75,45.125,87.5,98.75,0.0,52.125
TCGA-BRCA-T164,30.75,18.625,84.625,12.0,40.375,80.375,20.375,34.25,27.625,0.0,54.75
TCGA-BRCA-T165,75.125,22.0,36.375,82.875,86.875,94.0,53.0,68.625,99.0,0.0,36.25
TCGA-BRCA-T166,89.0,81.125,37.625,62.25000000000001,35.75,19.375,93.625,85.25,82.5,0.0,30.25
TCGA-BRCA-T167,77.5,64.875,35.0,80.125,94.0,97.125,49.625,14.875,28.375,0.0,21.75
TCGA-BRCA-T168,41.5,30.875000000000004,30.5,41.875,33.375,5.625,89.25,9.75,47.875,0.0,63.625
TCGA-BRCA-T169,80.625,5.375,59.62499999999999,12.875,63.5,70.875,23.125,75.125,18.625,0.0,73.375
TCGA-BRCA-T170,11.375,24.625,31.874999999999996,18.5,38.625,82.75,35.5,12.5,5.5,0.0,56.00000000000001
TCGA-BRCA-T171,32.0,22.25,74.0,73.25,99.625,19.625,75.0,66.375,33.375,0.0,13.375
TCGA-BRCA-T172,74.75,35.125,66.25,47.625,83.75,67.0,26.0,96.875,44.125,0.0,91.375
TCGA-BRCA-T173,7.249999999999999,29.375,15.375,65.0,95.375,100.0,63.74999999999999,76.75,49.875,0.0,49.875
TCGA-BRCA-T174,76.5,62.25000000000001,88.25,63.87500000000001,66.625,2.25,45.0,36.5,28.625,0.0,82.375
TCGA-BRCA-T175,42.0,59.375,19.75,27.0,58.375,2.875,87.75,46.625,51.24999999999999,0.0,45.875
TCGA-BRCA-T176,92.25,59.12500000000001,66.375,72.75,3.75,53.75,46.625,17.0,13.25,0.0,9.125
TCGA-BRCA-T177,69.875,71.625,93.5,41.625,26.25,28.125,51.625,39.125,86.5,0.0,16.125
TCGA-BRCA-T178,65.125,94.875,22.0,33.625,21.5,13.0,82.75,77.75,37.125,0.0,70.125
TCGA-BRCA-T179,14.625,90.75,78.375,50.375,23.375,67.375,17.75,31.25,99.75,0.0,3.125
TCGA-BRCA-T180,29.875,59.62499999999999,12.5,37.75,56.75,52.87500000000001,59.25,45.5,82.25,0.0,87.75
TCGA-BRCA-T181,68.75,28.249999999999996,7.249999999999999,13.375,63.74999999999999,31.25,70.125,65.875,69.0,0.0,30.875000000000004
TCGA-BRCA-T182,34.125,61.12499999999999,14.374999999999998,99.75,87.125,94.875,33.375,5.875,61.625,0.0,99.875
TCGA-BRCA-T183,33.875,86.625,2.875,31.874999999999996,11.625,11.25,25.75,29.375,3.0,0.0,78.625
TCGA-BRCA-T184,16.125,77.875,71.125,50.875,63.24999999999999,66.25,55.00000000000001,39.75,96.625,0.0,73.25
TCGA-BRCA-T185,70.875,89.125,91.875,47.125,62.74999999999999,28.375,62.625,74.25,36.625,0.0,98.375
TCGA-BRCA-T186,68.375,87.5,40.5,99.125,49.625,17.75,93.125,97.625,62.125,0.0,95.875
TCGA-BRCA-T187,40.5,14.000000000000002,5.75,4.875,48.0,41.375,21.375,66.0,42.5,0.0,74.625
TCGA-BRCA-T188,52.25,87.125,67.625,76.375,52.37500000000001,59.5,14.75,45.0,56.375,0.0,52.5
TCGA-BRCA-T189,59.0,66.25,12.375,17.5,84.625,26.875,23.625,21.75,63.24999999999999,0.0,70.375
TCGA-BRCA-T190,31.75,36.25,10.5,97.75,73.875,52.625,99.375,82.125,26.875,0.0,10.125
TCGA-BRCA-T191,60.875,49.375,23.625,97.25,74.125,10.75,96.125,95.0,1.125,0.0,51.74999999999999
TCGA-BRCA-T192,56.49999999999999,46.5,29.25,40.125,50.875,46.25,63.24999999999999,21.25,76.5,0.0,91.125
TCGA-BRCA-T193,28.749999999999996,33.25,68.125,34.5,49.25,78.875,99.625,0.625,66.0,0.0,38.75
TCGA-BRCA-T194,70.0,69.0,25.25,87.875,21.25,68.125,40.875,62.74999999999999,80.875,0.0,63.125
TCGA-BRCA-T195,88.25,71.875,3.125,81.0,1.875,19.875,29.5,4.375,57.375,0.0,59.25
TCGA-BRCA-T196,11.875,58.75,81.25,73.125,34.75,25.5,46.75,43.75,55.625,0.0,65.875
TCGA-BRCA-T197,87.75,7.75,1.625,89.5,51.625,9.0,28.249999999999996,62.0,14.625,0.0,43.0
TCGA-BRCA-T198,16.25,20.25,17.75,79.375,61.5,74.0,79.125,54.87499999999999,52.87500000000001,0.0,63.74999999999999
TCGA-BRCA-T199,34.0,91.625,86.0,4.75,53.37499999999999,89.75,78.75,49.375,3.125,0.0,9.75
TCGA-BRCA-T200,36.0,64.5,79.75,0.125,32.75,45.375,73.625,34.375,96.125,0.0,37.0
TCGA-BRCA-T201,63.375,25.75,16.125,39.0,71.75,34.125,29.25,11.25,81.0,0.0,30.5
TCGA-BRCA-T202,70.5,73.875,15.0,48.0,45.375,53.0,65.25,5.375,15.875,0.0,6.625
TCGA-BRCA-T203,7.875,15.625,98.0,97.875,85.125,98.0,44.75,12.125,7.000000000000001,0.0,0.125
TCGA-BRCA-T204,18.25,93.25,44.375,68.0,67.75,33.375,80.5,26.25,28.000000000000004,0.0,87.0
TCGA-BRCA-T205,17.125,1.625,0.125,93.75,16.25,71.125,57.62500000000001,5.625,77.5,0.0,33.5
TCGA-BRCA-T206,86.5,14.625,29.75,17.0,78.0,8.0,24.5,98.375,17.625,0.0,99.0
TCGA-BRCA-T207,34.75,61.5,80.5,44.375,1.5,9.5,36.125,23.625,91.625,0.0,54.37499999999999
TCGA-BRCA-T208,21.875,41.125,24.75,7.124999999999999,70.125,68.5,37.125,16.25,88.5,0.0,43.625
TCGA-BRCA-T209,96.375,78.875,48.25,3.125,24.5,41.25,21.75,3.0,72.125,0.0,39.0
TCGA-BRCA-T210,42.125,86.5,60.75000000000001,38.0,76.0,84.25,8.375,63.0,0.75,0.0,70.625
TCGA-BRCA-T211,70.125,38.125,25.124999999999996,73.375,81.625,76.625,39.375,20.75,21.25,0.0,57.62500000000001
TCGA-BRCA-T212,97.5,4.625,97.625,21.125,42.25,28.499999999999996,23.375,80.0,6.75,0.0,19.625
TCGA-BRCA-T213,41.625,65.875,32.625,60.875,42.875,48.875,65.625,47.5,58.25,0.0,50.24999999999999
TCGA-BRCA-T214,91.375,8.875,32.375,47.25,52.5,44.75,33.0,3.75,51.37500000000001,0.0,91.5
TCGA-BRCA-T215,26.375,77.5,2.0,94.75,33.0,77.25,15.5,73.375,41.5,0.0,50.125
TCGA-BRCA-T216,18.75,53.25,46.625,74.75,20.375,69.625,32.0,61.875,23.5,0.0,99.625
TCGA-BRCA-T217,28.249999999999996,98.25,86.75,82.375,78.25,57.25,60.375,2.375,36.375,0.0,8.5
TCGA-BRCA-T218,92.75,93.625,85.625,96.25,17.5,24.5,98.5,7.75,66.125,0.0,67.75
TCGA-BRCA-T219,80.875,94.0,84.75,32.75,9.875,56.00000000000001,83.375,17.125,72.375,0.0,10.25
TCGA-BRCA-T220,40.125,95.875,90.875,95.375,17.75,2.0,16.0,48.75,94.125,0.0,38.25
TCGA-BRCA-T221,36.25,57.875,84.5,54.0,49.875,38.375,73.25,81.375,2.25,0.0,67.5
TCGA-BRCA-T222,65.75,11.25,37.0,95.75,27.375,8.875,50.0,34.75,46.375,0.0,39.875
TCGA-BRCA-T223,6.375,10.625,52.87500000000001,61.875,76.25,89.5,95.5,46.375,55.125,0.0,47.25
TCGA-BRCA-T224,94.5,52.5,37.5,12.125,94.75,99.125,32.875,8.875,19.125,0.0,2.25
TCGA-BRCA-T225,13.25,3.875,72.25,30.375000000000004,24.75,81.25,81.25,60.62499999999999,68.875,0.0,44.625
TCGA-BRCA-T226,92.625,23.375,13.375,89.0,94.5,9.25,78.875,90.0,25.75,0.0,95.0
TCGA-BRCA-T227,54.25,59.75,92.375,21.375,37.875,58.875,12.0,25.25,27.250000000000004,0.0,15.25
TCGA-BRCA-T228,82.875,40.25,58.62500000000001,83.375,99.5,14.249999999999998,55.125,71.0,61.375,0.0,53.0
TCGA-BRCA-T229,74.25,8.125,80.625,56.375,29.5,12.25,4.25,35.375,52.0,0.0,55.00000000000001
TCGA-BRCA-T230,53.25,64.125,91.375,35.125,85.25,94.25,19.75,55.625,68.5,0.0,78.875
TCGA-BRCA-T231,46.25,64.75,98.375,26.25,68.0,61.0,46.875,58.375,96.5,0.0,42.375
TCGA-BRCA-T232,46.75,76.0,34.875,37.375,44.5,47.625,36.375,55.25,41.375,0.0,43.25
TCGA-BRCA-T233,71.25,16.375,11.25,62.875,51.24999999999999,75.5,58.75,35.5,16.875,0.0,82.5
TCGA-BRCA-T234,17.5,83.0,34.625,91.75,91.5,77.625,69.875,72.0,20.5,0.0,51.37500000000001
TCGA-BRCA-T235,24.625,5.5,9.25,82.625,12.625,32.875,35.375,69.375,39.125,0.0,17.75
TCGA-BRCA-T236,89.625,0.75,0.8750000000000001,70.125,75.625,90.75,35.75,59.875,24.625,0.0,32.625
TCGA-BRCA-T237,72.5,5.875,74.375,35.375,72.875,29.5,86.0,96.75,34.0,0.0,9.5
TCGA-BRCA-T238,75.625,6.625,55.375,29.125,89.5,99.875,98.875,92.875,60.62499999999999,0.0,26.0
TCGA-BRCA-T239,92.125,52.0,73.375,90.375,20.625,64.5,71.75,75.625,1.7500000000000002,0.0,59.0
TCGA-BRCA-T240,73.5,5.125,30.0,25.25,23.25,0.375,61.375,63.125,83.0,0.0,49.0
TCGA-BRCA-T241,89.875,76.125,57.75,9.875,84.0,57.125,45.875,82.5,65.875,0.0,79.5
TCGA-BRCA-T242,43.0,42.875,29.125,79.125,36.875,38.0,37.5,57.75,79.625,0.0,85.0
TCGA-BRCA-T243,26.625,62.375,8.375,13.0,96.25,50.0,19.0,50.74999999999999,20.0,0.0,12.5
TCGA-BRCA-T244,50.875,100.0,100.0,11.0,76.625,42.875,54.50000000000001,81.0,96.375,0.0,72.5
TCGA-BRCA-T245,56.99999999999999,56.375,28.125,8.75,66.875,20.75,82.625,53.125,83.375,0.0,82.625
TCGA-BRCA-T246,48.25,45.875,47.25,1.625,27.500000000000004,28.249999999999996,58.5,56.125,9.0,0.0,46.5
TCGA-BRCA-T247,68.875,6.875000000000001,24.375,84.625,55.25,72.25,82.375,27.125,7.875,0.0,77.625
TCGA-BRCA-T248,39.75,35.5,31.624999999999996,22.25,0.375,4.125,50.875,4.0,85.875,0.0,62.625
TCGA-BRCA-T249,12.0,41.0,67.125,82.25,6.875000000000001,23.0,60.12499999999999,60.75000000000001,20.875,0.0,42.625
TCGA-BRCA-T250,41.0,25.25,9.125,96.125,7.375,49.375,98.75,65.625,98.875,0.0,27.125
TCGA-BRCA-T251,19.875,51.87500000000001,13.5,17.25,65.875,96.625,81.5,8.375,32.75,0.0,69.25
TCGA-BRCA-T252,86.25,72.0,52.25,88.375,5.625,40.5,90.5,14.499999999999998,19.5,0.0,48.0
TCGA-BRCA-T253,87.5,98.875,99.875,49.875,53.5,79.0,20.625,92.375,48.25,0.0,99.375
TCGA-BRCA-T254,33.625,2.625,26.75,33.75,74.5,16.0,16.625,53.25,88.125,0.0,74.875
TCGA-BRCA-T255,96.125,94.125,80.875,96.875,8.125,71.375,30.25,27.500000000000004,23.375,0.0,93.75
TCGA-BRCA-T256,58.25,39.5,68.0,97.0,6.5,59.12500000000001,53.87499999999999,51.74999999999999,72.0,0.0,19.125
TCGA-BRCA-T257,68.125,90.625,37.875,66.875,92.75,67.75,39.0,60.25,5.875,0.0,41.625
TCGA-BRCA-T258,42.625,80.625,99.125,50.125,56.875,15.25,88.125,42.0,85.125,0.0,68.625
TCGA-BRCA-T259,81.25,5.25,45.75,41.25,54.125,34.75,15.75,6.25,49.75,0.0,57.375
TCGA-BRCA-T260,34.875,75.125,73.5,93.5,93.125,12.375,46.25,43.25,22.5,0.0,24.375
TCGA-BRCA-T261,39.875,90.125,75.875,10.25,33.125,46.625,89.875,84.875,22.875,0.0,77.375
TCGA-BRCA-T262,66.0,84.625,39.875,15.5,46.25,63.375,9.875,9.875,48.0,0.0,79.25
TCGA-BRCA-T263,72.625,74.75,61.0,71.625,77.0,91.25,25.874999999999996,96.5,24.25,0.0,79.875
TCGA-BRCA-T264,5.25,95.5,86.625,68.5,18.5,68.875,77.625,84.125,82.0,0.0,98.25
TCGA-BRCA-T265,74.875,68.875,19.125,83.5,45.0,76.0,12.75,56.875,75.125,0.0,55.125
TCGA-BRCA-T266,57.99999999999999,89.0,71.5,78.0,13.875000000000002,31.374999999999996,27.875,82.625,44.25,0.0,59.5
TCGA-BRCA-T267,95.875,13.750000000000002,4.375,69.25,88.25,76.375,90.625,22.875,45.125,0.0,61.625
TCGA-BRCA-T268,99.5,81.75,42.0,98.5,38.875,52.0,52.125,83.5,65.0,0.0,86.0
TCGA-BRCA-T269,46.5,41.25,43.25,22.625,96.125,97.75,20.125,66.875,76.75,0.0,24.25
TCGA-BRCA-T270,16.75,56.25,41.0,79.0,37.0,73.25,56.875,54.37499999999999,89.5,0.0,30.75
TCGA-BRCA-T271,48.125,28.125,54.75,46.125,53.125,64.75,58.12500000000001,12.875,32.0,0.0,10.375
TCGA-BRCA-T272,8.875,44.875,77.625,70.25,46.375,50.5,19.25,56.00000000000001,10.125,0.0,81.875
TCGA-BRCA-T273,23.25,73.125,81.75,21.0,62.0,56.625,30.0,38.75,95.125,0.0,94.25
TCGA-BRCA-T274,55.625,95.625,78.625,19.625,96.375,42.25,27.750000000000004,24.5,56.25,0.0,84.0
TCGA-BRCA-T275,25.5,79.625,85.0,33.125,8.875,39.875,88.625,12.375,42.25,0.0,59.62499999999999
TCGA-BRCA-T276,28.625,29.5,71.625,12.25,40.625,72.125,13.750000000000002,28.249999999999996,66.5,0.0,37.125
TCGA-BRCA-T277,37.0,73.75,13.750000000000002,45.625,43.0,68.25,15.875,22.125,10.0,0.0,32.875
TCGA-BRCA-T278,45.625,85.5,99.25,32.5,87.25,97.625,95.875,20.875,14.75,0.0,98.625
TCGA-BRCA-T279,77.375,24.75,68.75,65.875,16.5,80.125,76.5,8.125,85.625,0.0,18.25
TCGA-BRCA-T280,72.25,62.0,12.875,58.25,16.375,36.625,25.624999999999996,41.0,52.25,0.0,77.25
TCGA-BRCA-T281,61.875,65.75,51.5,77.0,20.125,1.875,75.125,67.75,47.375,0.0,65.625
TCGA-BRCA-T282,79.375,17.5,1.875,99.375,68.375,89.125,34.75,15.125,68.625,0.0,14.000000000000002
TCGA-BRCA-T283,15.25,58.5,33.375,92.5,94.25,88.0,39.125,97.125,60.375,0.0,92.875
TCGA-BRCA-T284,39.625,48.375,16.5,81.875,0.8750000000000001,25.124999999999996,41.875,46.125,11.625,0.0,4.125
TCGA-BRCA-T285,26.875,1.375,37.75,41.75,14.000000000000002,11.125,80.25,53.87499999999999,10.875,0.0,38.875
TCGA-BRCA-T286,40.75,82.375,10.625,99.5,41.25,43.375,33.5,50.24999999999999,44.0,0.0,3.875
TCGA-BRCA-T287,65.25,86.875,38.125,71.0,99.25,84.125,21.625,56.375,60.0,0.0,25.75
TCGA-BRCA-T288,32.375,70.625,80.0,9.125,45.75,40.125,36.875,6.625,21.375,0.0,41.125
TCGA-BRCA-T289,93.75,27.125,52.125,27.875,39.125,60.25,53.125,79.75,95.625,0.0,45.5
TCGA-BRCA-T290,61.0,11.75,25.874999999999996,52.125,83.25,64.125,74.375,54.625,55.50000000000001,0.0,22.0
TCGA-BRCA-T291,97.875,29.875,0.25,73.0,77.25,75.75,97.625,55.875,87.125,0.0,66.0
TCGA-BRCA-T292,31.874999999999996,31.125000000000004,40.875,71.5,51.0,86.625,66.75,70.875,11.75,0.0,21.375
TCGA-BRCA-T293,4.0,72.875,17.0,60.75000000000001,17.125,1.7500000000000002,70.625,95.125,81.875,0.0,70.25
TCGA-BRCA-T294,45.125,12.25,74.125,72.5,60.0,67.875,4.875,51.37500000000001,71.625,0.0,82.0
TCGA-BRCA-T295,26.25,53.625,76.125,38.25,81.375,94.5,80.75,19.75,58.75,0.0,18.625
TCGA-BRCA-T296,93.375,27.0,36.25,78.125,89.875,89.875,5.125,77.625,35.25,0.0,52.25
TCGA-BRCA-T297,2.875,61.75000000000001,31.125000000000004,93.375,0.625,1.0,62.0,70.0,47.5,0.0,5.625
TCGA-BRCA-T298,58.375,27.500000000000004,34.0,64.375,28.999999999999996,47.75,61.0,94.0,80.0,0.0,92.25
TCGA-BRCA-T299,49.875,89.625,50.0,87.75,41.125,11.5,28.125,85.75,8.5,0.0,7.249999999999999
TCGA-BRCA-T300,6.125,80.375,97.75,9.625,98.875,40.0,9.75,41.875,72.625,0.0,92.5
TCGA-BRCA-T301,93.125,0.125,54.50000000000001,19.0,91.125,5.125,97.5,94.75,90.375,0.0,77.75
TCGA-BRCA-T302,9.875,55.375,26.875,76.125,95.5,48.5,61.75000000000001,80.125,39.25,0.0,79.625
TCGA-BRCA-T303,39.0,99.5,95.75,5.75,47.375,73.5,12.125,90.125,33.75,0.0,65.125
TCGA-BRCA-T304,0.75,11.0,38.875,74.125,78.5,86.375,91.5,34.5,13.0,0.0,21.0
TCGA-BRCA-T305,84.75,53.5,39.0,64.5,74.25,93.375,49.875,49.5,63.625,0.0,35.375
TCGA-BRCA-T306,38.125,73.375,95.875,52.25,35.375,14.75,50.74999999999999,30.125,4.5,0.0,98.875
TCGA-BRCA-T307,30.625000000000004,19.875,5.5,1.5,28.000000000000004,41.75,45.375,25.5,60.12499999999999,0.0,98.125
TCGA-BRCA-T308,4.375,49.0,82.25,23.0,74.375,51.24999999999999,18.375,26.375,74.125,0.0,13.875000000000002
TCGA-BRCA-T309,20.0,14.249999999999998,51.74999999999999,28.749999999999996,13.625000000000002,52.5,97.125,52.25,19.0,0.0,82.875
TCGA-BRCA-T310,97.0,64.0,16.75,46.25,0.125,1.125,43.625,4.625,57.75,0.0,8.75
TCGA-BRCA-T311,34.25,45.125,2.125,76.5,46.875,71.875,73.125,69.25,23.25,0.0,22.75
TCGA-BRCA-T312,59.75,50.125,1.25,50.625,77.625,2.125,16.25,23.75,76.125,0.0,71.25
TCGA-BRCA-T313,48.875,22.5,26.5,57.125,27.875,17.625,22.875,9.25,83.25,0.0,42.0
TCGA-BRCA-T314,63.625,91.25,79.625,83.875,8.5,60.0,73.875,52.75,59.12500000000001,0.0,34.625
TCGA-BRCA-T315,84.5,67.25,76.375,4.5,36.5,42.375,16.75,53.625,64.5,0.0,56.99999999999999
TCGA-BRCA-T316,43.375,60.12499999999999,27.750000000000004,82.5,96.625,83.625,62.125,53.75,59.875,0.0,47.0
TCGA-BRCA-T317,64.25,67.375,83.125,15.75,57.875,71.5,88.5,12.625,66.875,0.0,74.0
TCGA-BRCA-T318,28.375,91.875,73.75,85.25,90.125,98.375,27.500000000000004,99.75,9.375,0.0,11.0
TCGA-BRCA-T319,91.125,83.75,70.625,45.125,82.625,93.5,6.375,7.875,72.875,0.0,20.875
TCGA-BRCA-T320,68.625,94.5,43.875,88.0,48.75,79.625,13.625000000000002,11.375,12.375,0.0,4.625
TCGA-BRCA-T321,79.0,63.625,49.5,22.75,54.0,5.375,25.0,96.0,2.125,0.0,38.625
TCGA-BRCA-T322,83.625,14.875,21.125,83.0,11.5,26.0,75.5,20.0,11.125,0.0,95.5
TCGA-BRCA-T323,25.75,80.125,59.5,27.750000000000004,1.7500000000000002,24.375,55.875,63.74999999999999,74.5,0.0,20.125
TCGA-BRCA-T324,33.0,36.75,61.12499999999999,66.25,89.125,62.74999999999999,53.625,2.5,52.625,0.0,95.75
TCGA-BRCA-T325,75.75,6.125,56.375,23.25,59.0,45.125,78.5,84.75,29.625,0.0,50.875
TCGA-BRCA-T326,23.375,84.5,93.375,59.875,26.125,7.375,69.75,31.5,41.625,0.0,89.0
TCGA-BRCA-T327,10.75,66.5,32.125,77.75,9.5,33.125,80.375,30.375000000000004,50.5,0.0,55.50000000000001
TCGA-BRCA-T328,54.625,44.0,31.0,68.75,32.5,78.625,68.125,9.0,2.5,0.0,23.25
TCGA-BRCA-T329,87.375,79.125,78.125,20.125,18.375,57.75,8.75,79.375,0.375,0.0,36.5
TCGA-BRCA-T330,34.625,27.625,36.625,44.75,55.00000000000001,18.625,23.25,94.625,94.875,0.0,56.875
TCGA-BRCA-T331,6.25,82.5,65.375,55.75,56.99999999999999,44.5,29.125,9.125,26.0,0.0,79.0
TCGA-BRCA-T332,1.7500000000000002,76.875,97.0,84.75,6.25,33.25,76.0,98.25,52.5,0.0,9.25
TCGA-BRCA-T333,95.5,57.62500000000001,18.125,93.125,14.875,12.125,19.5,92.125,82.375,0.0,46.25
TCGA-BRCA-T334,32.625,51.37500000000001,53.0,18.25,34.125,52.37500000000001,32.25,72.5,88.0,0.0,35.5
TCGA-BRCA-T335,15.5,81.0,13.25,63.74999999999999,70.5,87.875,96.25,74.75,34.875,0.0,12.75
TCGA-BRCA-T336,62.25000000000001,88.0,55.50000000000001,31.374999999999996,20.875,14.875,3.75,73.25,89.75,0.0,15.75
TCGA-BRCA-T337,73.25,49.625,64.75,35.5,78.125,43.625,2.125,56.99999999999999,1.0,0.0,84.5
TCGA-BRCA-T338,24.0,11.875,65.25,96.5,84.125,97.375,7.375,23.125,92.75,0.0,33.375
TCGA-BRCA-T339,70.625,13.5,59.25,79.25,97.125,78.75,2.75,5.125,60.5,0.0,60.62499999999999
TCGA-BRCA-T340,84.125,39.75,22.25,16.125,100.0,37.75,18.75,97.375,96.25,0.0,56.625
TCGA-BRCA-T341,25.25,55.625,28.000000000000004,22.375,5.25,33.5,68.75,99.375,69.375,0.0,100.0
TCGA-BRCA-T342,87.875,93.5,94.75,44.0,62.25000000000001,8.125,32.625,44.0,68.125,0.0,20.25
TCGA-BRCA-T343,89.75,46.375,27.125,94.0,90.0,8.25,64.625,59.12500000000001,88.625,0.0,65.375
TCGA-BRCA-T344,67.875,96.875,79.25,89.625,36.75,26.25,54.0,28.125,98.0,0.0,51.0
TCGA-BRCA-T345,75.375,32.125,48.875,53.5,68.125,46.375,13.875000000000002,57.62500000000001,56.875,0.0,37.25
TCGA-BRCA-T346,90.875,22.375,11.5,48.5,84.25,95.875,3.6249999999999996,39.875,14.249999999999998,0.0,42.5
TCGA-BRCA-T347,31.5,81.5,17.5,47.375,88.125,6.375,69.125,81.875,58.5,0.0,48.375
TCGA-BRCA-T348,81.125,98.625,96.25,87.0,97.0,53.37499999999999,75.875,45.75,71.125,0.0,66.625
TCGA-BRCA-T349,63.87500000000001,97.75,87.0,76.625,21.125,23.375,60.25,9.5,95.375,0.0,5.25
TCGA-BRCA-T350,1.25,68.125,53.75,72.0,15.625,8.625,88.875,43.625,99.125,0.0,80.25
TCGA-BRCA-T351,78.125,79.0,62.0,27.375,75.875,87.375,39.875,11.125,50.24999999999999,0.0,34.0
TCGA-BRCA-T352,83.125,19.75,98.875,43.625,46.5,30.75,67.625,0.8750000000000001,90.75,0.0,84.625
TCGA-BRCA-T353,47.375,58.12500000000001,45.625,99.875,69.875,55.625,33.75,97.25,33.25,0.0,99.25
TCGA-BRCA-T354,66.375,2.875,3.6249999999999996,86.125,73.75,86.0,59.5,69.0,35.0,0.0,8.625
TCGA-BRCA-T355,54.75,38.5,7.625,18.0,24.0,26.5,68.5,62.375,28.499999999999996,0.0,17.625
TCGA-BRCA-T356,19.75,78.5,53.87499999999999,21.75,83.0,38.75,44.0,85.625,50.375,0.0,27.875
TCGA-BRCA-T357,27.250000000000004,62.74999999999999,45.125,6.25,52.25,63.87500000000001,57.25,87.375,25.374999999999996,0.0,23.0
TCGA-BRCA-T358,83.5,72.5,86.375,17.875,87.75,83.75,3.125,59.5,54.625,0.0,75.125
TCGA-BRCA-T359,62.0,54.625,85.875,62.74999999999999,58.875,10.5,3.5000000000000004,2.875,0.625,0.0,63.5
TCGA-BRCA-T360,83.375,75.875,33.0,31.125000000000004,16.875,37.375,78.625,8.0,84.125,0.0,88.375
TCGA-BRCA-T361,49.375,83.5,97.25,63.24999999999999,28.625,87.0,30.75,7.000000000000001,60.25,0.0,76.125
TCGA-BRCA-T362,38.5,75.25,16.875,8.125,69.75,68.625,71.125,14.75,30.375000000000004,0.0,37.375
TCGA-BRCA-T363,25.374999999999996,90.5,77.0,70.875,64.75,65.625,71.625,86.875,77.625,0.0,47.625
TCGA-BRCA-T364,15.375,50.625,85.5,43.5,75.0,66.375,25.25,10.625,3.5000000000000004,0.0,34.875
TCGA-BRCA-T365,48.0,18.5,20.875,41.375,2.25,2.5,98.375,98.625,47.125,0.0,33.25
TCGA-BRCA-T366,82.0,8.625,2.75,17.625,67.375,77.125,18.625,48.625,97.75,0.0,1.7500000000000002
TCGA-BRCA-T367,80.0,84.75,91.25,92.75,85.75,72.5,71.375,27.0,5.125,0.0,66.875
TCGA-BRCA-T368,14.124999999999998,20.0,51.125,84.875,78.75,99.25,20.5,98.0,45.625,0.0,68.125
TCGA-BRCA-T369,35.375,70.0,10.25,34.0,19.0,32.5,90.375,91.375,43.125,0.0,52.625
TCGA-BRCA-T370,99.875,45.375,20.0,94.625,2.0,6.25,69.375,46.875,78.0,0.0,62.0
TCGA-BRCA-T371,36.125,16.625,12.125,1.0,74.625,90.5,22.125,46.5,13.125,0.0,31.125000000000004
TCGA-BRCA-T372,13.125,26.625,29.625,86.25,72.0,31.624999999999996,28.375,75.375,55.375,0.0,19.875
TCGA-BRCA-T373,53.75,55.75,43.625,61.75000000000001,61.0,59.25,57.49999999999999,68.0,42.75,0.0,38.375
TCGA-BRCA-T374,48.625,13.875000000000002,20.5,94.25,56.375,4.375,77.375,50.375,29.875,0.0,73.625
TCGA-BRCA-T375,81.625,22.75,56.125,60.25,21.375,29.125,5.75,54.0,51.87500000000001,0.0,0.8750000000000001
TCGA-BRCA-T376,68.25,12.625,4.75,23.375,70.875,45.0,39.25,81.25,63.0,0.0,2.375
TCGA-BRCA-T377,94.125,35.0,63.5,72.375,23.875,54.625,95.25,42.875,16.375,0.0,54.25
TCGA-BRCA-T378,19.25,96.75,95.125,31.5,76.875,80.25,48.375,61.375,23.875,0.0,19.0
TCGA-BRCA-T379,29.125,91.0,83.375,15.875,59.5,91.875,43.375,58.5,21.75,0.0,18.5
TCGA-BRCA-T380,47.625,15.125,35.25,59.12500000000001,66.75,66.875,24.375,79.5,23.625,0.0,53.25
TCGA-BRCA-T381,92.5,56.75,37.375,53.25,91.75,65.75,24.0,0.25,53.0,0.0,2.5
TCGA-BRCA-T382,2.75,73.0,82.75,38.75,18.125,60.5,51.24999999999999,65.125,52.125,0.0,52.75
TCGA-BRCA-T383,12.75,49.5,57.62500000000001,23.125,99.375,81.5,47.75,80.375,87.0,0.0,86.875
TCGA-BRCA-T384,62.125,43.75,31.5,68.125,33.75,21.375,57.875,9.375,90.0,0.0,61.375
TCGA-BRCA-T385,1.875,56.49999999999999,99.375,34.375,57.62500000000001,59.62499999999999,22.375,35.75,97.25,0.0,4.25
TCGA-BRCA-T386,46.875,58.375,85.125,51.24999999999999,35.25,53.125,5.5,0.75,27.375,0.0,18.75
TCGA-BRCA-T387,90.75,9.125,91.625,39.25,26.5,74.375,7.124999999999999,43.5,25.124999999999996,0.0,47.375
TCGA-BRCA-T388,84.25,54.37499999999999,32.75,38.375,70.625,24.625,48.0,32.0,6.0,0.0,3.375
TCGA-BRCA-T389,57.62500000000001,23.0,86.25,12.75,49.0,89.375,60.5,3.5000000000000004,2.375,0.0,64.25
TCGA-BRCA-T390,22.125,49.125,8.125,33.375,14.625,35.0,35.0,1.0,25.25,0.0,65.0
TCGA-BRCA-T391,11.625,67.0,46.0,64.875,39.0,61.375,99.0,32.375,92.25,0.0,82.25
TCGA-BRCA-T392,41.25,51.24999999999999,12.625,71.375,8.75,47.125,17.375,78.625,91.25,0.0,72.0
TCGA-BRCA-T393,95.0,30.75,18.75,67.75,66.375,38.875,31.874999999999996,16.125,83.625,0.0,69.5
TCGA-BRCA-T394,83.25,18.25,30.375000000000004,44.125,81.5,56.875,41.75,53.5,16.0,0.0,97.625
TCGA-BRCA-T395,18.5,35.625,67.0,22.0,37.75,24.75,81.0,22.375,60.75000000000001,0.0,61.12499999999999
TCGA-BRCA-T396,7.124999999999999,53.0,79.125,20.25,70.25,67.625,52.37500000000001,81.625,53.37499999999999,0.0,55.625
TCGA-BRCA-T397,58.5,1.25,48.75,91.875,15.125,39.0,66.5,79.125,78.375,0.0,97.125
TCGA-BRCA-T398,54.0,40.875,20.125,84.375,23.75,21.125,60.875,38.125,53.625,0.0,4.75
TCGA-BRCA-T399,62.875,34.0,28.875,14.875,38.75,14.124999999999998,20.0,96.25,94.75,0.0,49.5
TCGA-BRCA-T400,35.0,72.625,13.125,6.125,88.0,79.125,60.0,40.0,3.25,0.0,61.875
TCGA-BRCA-T401,93.5,8.5,5.125,80.5,24.375,69.25,7.875,60.12499999999999,25.0,0.0,25.25
TCGA-BRCA-T402,40.25,71.0,42.5,65.125,22.0,64.0,64.375,55.50000000000001,54.25,0.0,3.6249999999999996
TCGA-BRCA-T403,49.25,24.5,39.125,90.125,51.87500000000001,81.0,49.25,62.25000000000001,82.125,0.0,40.125
TCGA-BRCA-T404,28.999999999999996,99.375,78.875,85.5,26.625,22.0,34.625,74.5,98.5,0.0,29.75
TCGA-BRCA-T405,76.75,9.75,64.5,53.625,10.75,51.74999999999999,67.125,36.875,38.625,0.0,97.0
TCGA-BRCA-T406,98.625,28.000000000000004,25.624999999999996,74.625,30.375000000000004,39.25,1.5,18.625,4.625,0.0,96.625
TCGA-BRCA-T407,25.124999999999996,38.875,66.5,85.625,1.125,7.5,47.625,28.499999999999996,87.25,0.0,30.125
TCGA-BRCA-T408,40.375,8.0,31.374999999999996,0.375,15.375,63.24999999999999,11.875,82.25,74.0,0.0,13.750000000000002
TCGA-BRCA-T409,41.75,34.125,73.0,58.375,46.625,74.25,84.875,57.49999999999999,87.625,0.0,64.5
TCGA-BRCA-T410,21.75,0.25,28.249999999999996,29.5,42.625,0.75,47.25,55.75,91.125,0.0,91.875
TCGA-BRCA-T411,0.8750000000000001,56.125,27.375,57.49999999999999,86.25,98.625,6.5,99.125,20.75,0.0,35.875
TCGA-BRCA-T412,55.875,8.75,1.7500000000000002,51.5,18.625,76.875,14.875,3.875,12.75,0.0,62.375
TCGA-BRCA-T413,19.375,91.75,65.625,93.625,74.875,91.5,47.125,93.875,81.375,0.0,85.25
TCGA-BRCA-T414,9.375,69.625,88.75,34.875,60.25,84.5,36.75,52.0,43.625,0.0,10.75
TCGA-BRCA-T415,15.875,75.0,39.625,74.375,61.75000000000001,47.25,27.625,67.375,78.25,0.0,75.0
TCGA-BRCA-T416,6.625,98.375,76.75,8.0,5.75,61.12499999999999,37.875,94.875,49.5,0.0,64.875
TCGA-BRCA-T417,73.75,48.25,17.125,13.625000000000002,0.5,8.5,51.0,31.624999999999996,12.875,0.0,4.5
TCGA-BRCA-T418,19.125,77.25,32.0,3.6249999999999996,58.25,54.25,93.75,67.5,58.875,0.0,28.749999999999996
TCGA-BRCA-T419,21.5,32.875,38.375,94.125,71.125,82.0,81.875,10.75,45.25,0.0,97.75
TCGA-BRCA-T420,11.75,42.375,37.25,14.75,32.625,50.74999999999999,49.75,71.875,48.5,0.0,22.5
TCGA-BRCA-T421,1.625,82.25,41.625,39.125,14.124999999999998,53.625,53.75,56.25,93.125,0.0,25.374999999999996
TCGA-BRCA-T422,84.0,44.375,29.875,39.875,74.75,71.0,44.625,70.75,87.75,0.0,90.875
TCGA-BRCA-T423,51.24999999999999,9.5,71.0,24.0,71.5,96.875,37.0,42.5,83.75,0.0,64.75
TCGA-BRCA-T424,64.125,38.0,45.375,29.25,13.750000000000002,51.0,62.875,37.875,29.5,0.0,83.375
TCGA-BRCA-T425,3.25,75.5,33.125,70.0,63.625,56.49999999999999,1.125,2.125,44.625,0.0,57.25
TCGA-BRCA-T426,8.625,53.37499999999999,60.0,54.25,82.125,99.375,72.5,5.5,62.625,0.0,6.875000000000001
TCGA-BRCA-T427,93.625,9.375,31.25,56.75,67.25,73.625,58.62500000000001,67.625,67.75,0.0,22.875
TCGA-BRCA-T428,90.0,13.625000000000002,66.75,77.5,84.75,91.375,28.499999999999996,72.375,8.75,0.0,41.5
TCGA-BRCA-T429,29.75,15.25,46.125,90.5,27.750000000000004,65.125,87.375,43.375,32.125,0.0,38.5
TCGA-BRCA-T430,65.625,8.25,90.25,45.0,77.875,40.75,15.375,62.625,83.875,0.0,88.125
TCGA-BRCA-T431,67.625,76.25,23.125,91.375,95.875,27.250000000000004,5.375,72.75,4.125,0.0,31.5
TCGA-BRCA-T432,51.37500000000001,53.75,25.75,34.125,9.375,34.0,86.125,73.625,40.375,0.0,12.375
TCGA-BRCA-T433,29.375,52.125,52.5,0.625,1.625,50.375,54.25,16.625,8.875,0.0,73.875
TCGA-BRCA-T434,56.125,60.62499999999999,8.25,68.875,79.25,58.25,52.625,22.0,5.75,0.0,76.25
TCGA-BRCA-T435,85.125,16.5,66.0,96.0,23.5,72.0,5.625,24.25,77.375,0.0,68.875
TCGA-BRCA-T436,7.75,20.875,5.875,48.875,93.5,55.50000000000001,30.5,54.50000000000001,42.875,0.0,54.87499999999999
TCGA-BRCA-T437,91.5,97.375,75.5,38.625,90.625,91.125,83.25,86.0,27.500000000000004,0.0,43.375
TCGA-BRCA-T438,18.625,54.50000000000001,60.25,1.25,64.625,2.625,59.0,36.75,45.375,0.0,69.125
TCGA-BRCA-T439,4.75,40.125,23.375,30.5,26.0,10.125,84.0,20.5,91.875,0.0,36.0
TCGA-BRCA-T440,74.375,21.875,9.5,95.875,83.875,85.125,15.25,2.0,65.125,0.0,81.625
TCGA-BRCA-T441,20.625,60.75000000000001,61.25000000000001,25.624999999999996,11.125,42.625,35.125,2.25,64.625,0.0,93.25
TCGA-BRCA-T442,66.5,85.25,23.0,53.0,24.625,22.625,22.25,23.375,91.0,0.0,48.125
TCGA-BRCA-T443,16.875,75.75,94.375,39.75,60.875,58.5,50.625,75.875,15.5,0.0,29.125
TCGA-BRCA-T444,24.125,32.375,15.625,31.624999999999996,22.375,63.0,65.125,45.125,77.0,0.0,56.125
TCGA-BRCA-T445,85.875,70.25,4.5,23.625,15.25,54.50000000000001,94.75,4.5,34.5,0.0,50.625
TCGA-BRCA-T446,14.374999999999998,80.0,97.875,22.875,61.12499999999999,15.125,21.5,71.375,40.625,0.0,27.375
TCGA-BRCA-T447,14.499999999999998,31.374999999999996,17.625,49.0,28.125,14.625,51.74999999999999,86.125,53.25,0.0,72.75
TCGA-BRCA-T448,47.875,98.0,84.375,35.75,55.875,51.125,54.125,67.125,19.875,0.0,46.875
TCGA-BRCA-T449,72.0,4.25,68.25,11.125,55.50000000000001,16.5,83.5,22.75,99.5,0.0,3.0
TCGA-BRCA-T450,49.625,69.125,25.5,87.625,97.75,99.75,22.625,7.249999999999999,41.125,0.0,88.0
TCGA-BRCA-T451,73.375,34.25,53.125,47.75,96.75,57.62500000000001,24.75,23.875,54.50000000000001,0.0,21.25
TCGA-BRCA-T452,74.5,23.125,48.625,38.5,27.125,45.875,46.5,5.0,46.125,0.0,15.125
TCGA-BRCA-T453,1.125,79.5,69.75,55.625,67.5,17.5,1.0,10.875,9.875,0.0,20.0
TCGA-BRCA-T454,17.75,12.375,38.75,82.125,4.375,36.375,5.25,83.625,16.625,0.0,43.875
TCGA-BRCA-T455,46.375,24.0,27.0,87.5,45.875,18.875,48.625,92.0,62.0,0.0,83.75
TCGA-BRCA-T456,5.875,47.625,41.875,22.125,17.375,43.125,20.25,17.75,77.125,0.0,90.125
TCGA-BRCA-T457,14.875,32.625,49.75,0.5,87.875,3.375,25.124999999999996,47.25,0.125,0.0,85.875
TCGA-BRCA-T458,27.125,55.00000000000001,24.0,19.5,22.5,64.625,23.875,95.375,78.5,0.0,68.75
TCGA-BRCA-T459,38.25,22.125,9.375,76.0,95.0,52.25,59.75,38.0,63.125,0.0,41.875
TCGA-BRCA-T460,37.125,35.75,50.74999999999999,35.625,81.0,4.875,28.625,28.000000000000004,70.5,0.0,4.875
TCGA-BRCA-T461,78.625,35.375,47.625,52.37500000000001,68.875,88.5,61.25000000000001,83.125,61.0,0.0,91.0
TCGA-BRCA-T462,5.125,69.25,55.25,18.125,81.125,95.375,56.49999999999999,16.0,67.625,0.0,98.5
TCGA-BRCA-T463,60.5,35.875,57.25,5.375,7.000000000000001,15.875,42.5,84.5,87.875,0.0,75.5
TCGA-BRCA-T464,57.25,85.0,95.25,17.75,52.75,45.5,56.625,88.5,76.625,0.0,99.75
TCGA-BRCA-T465,89.25,55.50000000000001,68.875,81.25,65.75,76.75,73.75,7.5,56.49999999999999,0.0,15.375
TCGA-BRCA-T466,15.75,32.75,14.625,66.0,53.625,23.5,99.875,14.374999999999998,53.75,0.0,17.125
TCGA-BRCA-T467,52.37500000000001,84.375,90.375,53.75,42.5,21.625,55.75,92.5,69.125,0.0,34.5
TCGA-BRCA-T468,45.875,64.375,93.875,30.625000000000004,48.25,6.75,47.5,73.75,6.5,0.0,31.25
TCGA-BRCA-T469,34.375,57.25,28.375,11.25,48.875,78.375,95.125,45.625,95.0,0.0,29.625
TCGA-BRCA-T470,89.5,66.625,93.0,92.375,69.25,90.625,90.875,87.875,40.75,0.0,11.875
TCGA-BRCA-T471,43.625,76.375,81.0,9.75,23.625,84.75,50.24999999999999,89.625,19.75,0.0,24.5
TCGA-BRCA-T472,27.875,74.375,77.25,41.125,8.0,9.625,10.375,36.0,30.75,0.0,42.25
TCGA-BRCA-T473,62.74999999999999,44.5,11.75,38.875,15.5,3.875,61.12499999999999,45.875,71.375,0.0,74.375
TCGA-BRCA-T474,30.0,47.375,84.0,46.875,86.5,48.625,75.625,52.5,75.375,0.0,31.874999999999996
TCGA-BRCA-T475,91.0,0.625,9.75,69.375,5.875,58.12500000000001,87.625,17.625,75.875,0.0,67.125
TCGA-BRCA-T476,69.25,13.0,11.875,32.125,54.50000000000001,29.375,81.75,49.0,45.5,0.0,89.125
TCGA-BRCA-T477,20.75,63.87500000000001,76.0,66.375,57.99999999999999,17.125,76.125,48.375,67.875,0.0,85.125
TCGA-BRCA-T478,56.875,73.625,35.125,71.25,28.875,45.625,19.375,14.124999999999998,16.125,0.0,71.875
TCGA-BRCA-T479,51.87500000000001,89.375,47.875,16.5,81.875,68.375,27.0,93.375,10.625,0.0,76.5
TCGA-BRCA-T480,43.5,23.75,18.5,60.5,5.125,2.75,39.75,13.750000000000002,51.74999999999999,0.0,63.375
TCGA-BRCA-T481,23.75,23.25,34.5,65.375,71.625,47.375,70.875,72.625,39.5,0.0,2.625
TCGA-BRCA-T482,42.5,27.250000000000004,58.375,1.125,29.625,49.625,73.375,47.125,3.6249999999999996,0.0,7.875
TCGA-BRCA-T483,71.75,57.99999999999999,32.5,96.75,89.375,56.25,37.625,49.625,77.875,0.0,74.25
TCGA-BRCA-T484,62.625,46.25,21.875,94.375,55.625,23.625,85.875,16.375,89.625,0.0,15.0
TCGA-BRCA-T485,27.500000000000004,95.375,97.125,85.125,19.25,50.125,22.5,66.125,46.0,0.0,90.375
TCGA-BRCA-T486,82.25,96.125,96.375,55.50000000000001,71.375,56.75,11.25,70.375,94.25,0.0,49.625
TCGA-BRCA-T487,61.25000000000001,39.25,63.74999999999999,20.625,4.0,46.0,5.875,87.75,61.25000000000001,0.0,24.625
TCGA-BRCA-T488,72.375,11.5,78.0,46.75,10.375,32.25,56.375,92.625,4.375,0.0,33.75
TCGA-BRCA-T489,0.125,50.0,6.625,80.875,74.0,34.375,57.125,51.24999999999999,25.624999999999996,0.0,42.75
TCGA-BRCA-T490,76.125,27.375,48.125,5.625,97.5,11.0,53.5,92.25,66.75,0.0,11.125
TCGA-BRCA-T491,54.87499999999999,78.625,40.25,16.625,2.375,5.875,82.5,18.375,29.75,0.0,0.5
TCGA-BRCA-T492,99.25,61.25000000000001,25.0,81.625,21.0,45.75,23.5,32.125,96.875,0.0,7.625
TCGA-BRCA-T493,33.25,22.875,3.875,14.374999999999998,3.25,23.875,87.125,61.75000000000001,86.0,0.0,71.0
TCGA-BRCA-T494,22.25,24.375,77.875,55.125,98.25,93.0,93.25,6.75,70.875,0.0,27.750000000000004
TCGA-BRCA-T495,2.125,73.5,73.625,29.875,14.499999999999998,16.75,78.0,68.5,74.625,0.0,65.25
TCGA-BRCA-T496,71.125,34.75,62.5,50.74999999999999,68.625,36.25,65.0,3.6249999999999996,98.125,0.0,80.0
TCGA-BRCA-T497,21.0,25.124999999999996,51.24999999999999,69.75,32.0,59.75,27.125,17.25,66.625,0.0,91.625
TCGA-BRCA-T498,67.5,78.0,21.375,23.75,3.375,3.5000000000000004,7.625,95.875,33.5,0.0,80.625
TCGA-BRCA-T499,83.875,41.875,65.5,25.874999999999996,96.5,24.875,26.625,44.625,68.25,0.0,28.000000000000004
TCGA-BRCA-T500,20.375,32.0,4.25,46.375,78.625,95.0,42.75,19.375,73.375,0.0,71.375
TCGA-BRCA-T501,13.875000000000002,72.75,67.375,69.875,16.75,50.875,9.375,33.875,99.375,0.0,88.75
TCGA-BRCA-T502,20.125,6.375,6.875000000000001,68.25,7.124999999999999,53.5,62.5,39.25,64.125,0.0,35.125
TCGA-BRCA-T503,55.50000000000001,16.75,62.25000000000001,83.75,66.5,93.125,28.749999999999996,75.25,0.8750000000000001,0.0,18.125
TCGA-BRCA-T504,37.75,29.125,6.75,40.25,10.5,14.374999999999998,77.0,37.625,88.75,0.0,32.375
TCGA-BRCA-T505,37.25,86.75,57.875,97.375,51.37500000000001,85.75,93.0,95.25,88.25,0.0,51.24999999999999
TCGA-BRCA-T506,82.625,95.75,94.625,1.7500000000000002,44.875,83.125,83.625,83.375,62.875,0.0,85.75
TCGA-BRCA-T507,58.875,55.875,20.25,3.375,13.125,79.375,2.0,33.625,70.375,0.0,86.25
TCGA-BRCA-T508,46.0,52.87500000000001,42.75,72.625,46.0,36.125,97.0,50.125,10.5,0.0,7.5
TCGA-BRCA-T509,32.25,48.875,69.625,5.875,25.0,30.5,9.625,87.125,86.625,0.0,77.5
TCGA-BRCA-T510,13.625000000000002,70.875,43.375,88.875,28.499999999999996,66.0,98.625,50.875,55.875,0.0,25.124999999999996
TCGA-BRCA-T511,10.25,98.75,91.125,36.375,44.75,22.75,83.125,73.125,42.625,0.0,6.5
TCGA-BRCA-T512,81.375,73.25,33.875,45.875,97.25,93.875,9.25,91.75,68.375,0.0,41.0
TCGA-BRCA-T513,64.75,4.125,67.5,47.0,20.25,10.25,69.25,60.875,8.25,0.0,67.625
TCGA-BRCA-T514,88.375,95.125,96.5,57.99999999999999,29.875,65.5,24.25,25.874999999999996,18.375,0.0,47.5
TCGA-BRCA-T515,94.625,77.125,61.375,23.5,93.875,91.625,34.375,48.125,78.125,0.0,62.5
TCGA-BRCA-T516,28.000000000000004,75.375,34.125,8.25,72.5,69.875,68.375,38.875,73.25,0.0,44.875
TCGA-BRCA-T517,65.5,97.25,87.625,80.625,42.125,27.125,28.999999999999996,38.625,48.125,0.0,26.75
TCGA-BRCA-T518,19.625,93.0,95.5,52.0,56.49999999999999,35.25,86.625,83.75,50.0,0.0,44.125
TCGA-BRCA-T519,3.875,74.625,62.875,15.125,24.25,48.0,27.250000000000004,54.75,79.375,0.0,55.875
TCGA-BRCA-T520,96.0,49.75,33.25,69.125,43.375,3.0,78.125,90.875,7.5,0.0,78.375
TCGA-BRCA-T521,53.125,2.25,70.75,29.625,36.375,67.5,60.62499999999999,57.99999999999999,90.25,0.0,1.25
TCGA-BRCA-T522,95.25,83.625,82.625,61.25000000000001,2.625,47.5,18.25,78.75,81.75,0.0,98.75
TCGA-BRCA-T523,86.0,3.125,62.375,49.375,64.125,65.375,61.875,25.75,24.375,0.0,8.375
TCGA-BRCA-T524,7.625,47.75,69.125,35.0,5.375,49.75,12.375,21.625,51.5,0.0,32.0
TCGA-BRCA-T525,96.875,84.0,81.625,83.125,48.625,20.625,57.375,50.5,29.375,0.0,36.75
TCGA-BRCA-T526,28.875,19.625,61.625,9.25,82.25,90.25,59.875,62.875,30.0,0.0,69.625
TCGA-BRCA-T527,30.125,2.75,30.625000000000004,100.0,61.875,32.125,91.375,78.875,85.75,0.0,1.0
TCGA-BRCA-T528,17.25,2.0,30.875000000000004,44.25,4.625,15.625,77.125,28.875,50.74999999999999,0.0,49.25
TCGA-BRCA-T529,38.875,56.00000000000001,38.5,4.375,33.875,28.000000000000004,84.625,94.5,50.625,0.0,52.0
TCGA-BRCA-T530,43.25,52.625,75.375,5.0,96.875,96.0,1.25,64.375,80.75,0.0,96.75
TCGA-BRCA-T531,39.125,46.75,93.125,57.375,48.5,71.625,43.125,57.25,46.875,0.0,92.75
TCGA-BRCA-T532,33.375,52.25,63.375,48.625,99.875,29.75,74.625,81.75,85.375,0.0,7.124999999999999
TCGA-BRCA-T533,75.25,41.75,40.375,74.875,32.25,13.375,7.249999999999999,28.625,31.125000000000004,0.0,64.0
TCGA-BRCA-T534,24.875,7.249999999999999,7.5,78.875,40.875,46.125,11.375,99.625,8.125,0.0,78.0
TCGA-BRCA-T535,85.0,15.875,70.125,6.0,35.0,84.875,72.875,63.24999999999999,27.125,0.0,76.875
TCGA-BRCA-T536,49.0,9.0,21.75,7.75,6.125,3.25,75.375,32.625,30.125,0.0,34.25
TCGA-BRCA-T537,85.375,7.375,58.75,43.25,3.125,13.5,64.25,15.5,14.875,0.0,32.5
TCGA-BRCA-T538,69.625,85.625,69.875,88.125,33.625,3.75,25.374999999999996,66.625,34.25,0.0,60.875
TCGA-BRCA-T539,50.74999999999999,71.75,57.375,17.125,69.0,93.25,1.625,66.5,50.875,0.0,83.625
TCGA-BRCA-T540,64.625,80.25,72.75,92.0,73.375,95.75,44.375,56.625,35.5,0.0,70.75
TCGA-BRCA-T541,15.625,16.125,24.125,40.5,87.0,99.625,14.124999999999998,67.875,98.375,0.0,77.875
TCGA-BRCA-T542,4.875,19.0,58.12500000000001,64.75,50.5,11.375,72.625,88.375,36.875,0.0,28.625
TCGA-BRCA-T543,53.625,58.62500000000001,91.75,14.625,65.25,22.875,99.5,5.75,53.125,0.0,33.875
TCGA-BRCA-T544,59.375,82.625,30.75,88.625,6.0,12.875,65.75,40.5,80.5,0.0,99.5
TCGA-BRCA-T545,98.375,88.875,73.125,36.625,77.375,14.000000000000002,71.5,49.125,38.75,0.0,73.125
TCGA-BRCA-T546,43.875,61.375,74.875,30.75,13.0,44.375,20.875,91.625,22.125,0.0,42.125
TCGA-BRCA-T547,59.12500000000001,58.875,36.0,31.75,19.625,19.25,82.0,74.125,91.75,0.0,28.125
TCGA-BRCA-T548,44.0,42.75,81.5,79.625,17.25,63.74999999999999,38.125,76.375,85.0,0.0,5.125
TCGA-BRCA-T549,79.125,14.374999999999998,29.5,60.0,47.25,35.125,36.625,69.875,68.75,0.0,14.374999999999998
TCGA-BRCA-T550,85.625,26.125,70.25,89.375,38.25,77.0,1.7500000000000002,61.5,37.75,0.0,14.249999999999998
TCGA-BRCA-T551,17.625,99.875,99.5,90.25,14.249999999999998,20.0,32.5,0.5,28.125,0.0,47.875
TCGA-BRCA-T552,66.625,67.75,72.625,95.25,52.625,49.125,83.0,33.25,66.25,0.0,19.75
TCGA-BRCA-T553,69.375,59.5,44.125,69.0,68.5,5.0,94.25,22.5,43.375,0.0,66.5
TCGA-BRCA-T554,45.25,28.499999999999996,76.625,39.375,95.25,86.25,17.125,2.75,5.25,0.0,59.12500000000001
TCGA-BRCA-T555,27.375,79.25,78.75,2.875,57.125,41.625,13.0,9.625,45.875,0.0,56.49999999999999
TCGA-BRCA-T556,81.875,70.375,57.49999999999999,79.875,2.875,14.499999999999998,29.375,35.125,39.0,0.0,25.5
TCGA-BRCA-T557,7.000000000000001,21.5,56.25,16.875,69.125,35.375,6.875000000000001,29.5,22.625,0.0,77.125
TCGA-BRCA-T558,78.875,60.0,1.0,43.125,75.375,16.375,85.375,53.0,55.00000000000001,0.0,68.5
TCGA-BRCA-T559,41.375,81.375,74.625,11.5,58.5,25.624999999999996,0.25,61.0,57.875,0.0,20.625
TCGA-BRCA-T560,10.0,55.125,14.875,99.0,93.25,23.25,86.5,59.375,97.375,0.0,82.125
TCGA-BRCA-T561,82.125,41.5,56.49999999999999,8.625,42.75,59.875,10.75,93.625,10.375,0.0,55.375
TCGA-BRCA-T562,91.625,88.375,10.0,43.875,29.75,5.25,15.0,58.875,64.875,0.0,18.875
TCGA-BRCA-T563,71.625,5.0,47.125,13.25,80.625,92.375,79.25,3.375,61.875,0.0,24.125
TCGA-BRCA-T564,17.375,33.125,10.875,80.25,94.625,52.125,77.5,55.00000000000001,58.12500000000001,0.0,23.75
TCGA-BRCA-T565,98.0,88.5,88.875,49.75,38.5,47.0,46.0,23.5,37.5,0.0,96.0
TCGA-BRCA-T566,76.25,69.75,47.0,10.5,84.375,11.625,8.0,48.0,44.375,0.0,13.5
TCGA-BRCA-T567,47.5,6.75,7.000000000000001,83.625,56.00000000000001,29.875,14.249999999999998,1.7500000000000002,86.375,0.0,39.25
TCGA-BRCA-T568,61.5,64.625,30.125,77.25,32.375,66.125,79.875,6.875000000000001,5.375,0.0,24.875
TCGA-BRCA-T569,90.375,87.875,8.75,98.25,72.375,96.5,76.375,72.25,75.0,0.0,0.375
TCGA-BRCA-T570,81.5,62.875,26.25,21.25,34.375,44.25,38.375,52.625,26.375,0.0,69.0
TCGA-BRCA-T571,21.125,88.625,68.5,30.875000000000004,40.125,50.24999999999999,31.25,97.5,9.75,0.0,78.125
TCGA-BRCA-T572,86.125,3.75,33.5,86.0,88.875,99.0,37.375,51.125,17.125,0.0,71.625
TCGA-BRCA-T573,69.75,83.25,42.25,32.625,44.375,25.25,38.5,28.999999999999996,51.0,0.0,8.25
TCGA-BRCA-T574,5.625,96.375,88.125,94.875,50.24999999999999,73.75,49.0,63.5,72.5,0.0,35.0
TCGA-BRCA-T575,35.125,70.5,6.5,72.25,41.0,78.25,21.0,5.25,21.0,0.0,52.87500000000001
TCGA-BRCA-T576,4.625,93.125,53.25,75.625,82.0,22.25,44.25,1.5,3.875,0.0,57.99999999999999
TCGA-BRCA-T577,37.375,42.0,6.375,82.75,66.125,54.0,97.875,6.125,8.375,0.0,26.625
TCGA-BRCA-T578,52.75,51.5,72.375,24.375,96.0,18.75,4.5,49.875,37.0,0.0,51.5
TCGA-BRCA-T579,80.5,98.125,95.625,18.875,72.625,85.0,94.375,64.0,64.375,0.0,59.75
TCGA-BRCA-T580,57.875,95.25,44.875,31.25,82.75,91.0,62.375,76.25,49.375,0.0,94.625
TCGA-BRCA-T581,7.5,77.625,42.375,62.5,9.25,38.125,33.25,95.5,3.375,0.0,23.875
TCGA-BRCA-T582,88.625,79.375,61.875,61.0,86.625,7.124999999999999,26.5,42.75,10.75,0.0,43.75
TCGA-BRCA-T583,61.375,31.624999999999996,93.75,76.875,37.375,78.5,72.25,95.75,41.25,0.0,78.75
TCGA-BRCA-T584,10.5,30.125,18.875,36.75,31.125000000000004,61.75000000000001,6.75,84.0,6.125,0.0,39.625
TCGA-BRCA-T585,6.875000000000001,7.5,17.375,91.25,41.875,54.37499999999999,85.5,32.25,22.75,0.0,51.125
TCGA-BRCA-T586,3.5000000000000004,92.125,87.125,52.625,87.625,96.25,5.0,20.375,15.25,0.0,44.5
TCGA-BRCA-T587,77.625,76.5,63.0,77.125,80.0,84.625,94.5,19.25,13.750000000000002,0.0,58.75
TCGA-BRCA-T588,60.75000000000001,44.25,55.00000000000001,66.625,6.625,20.5,2.25,61.25000000000001,26.125,0.0,42.875
TCGA-BRCA-T589,90.25,13.375,11.0,58.62500000000001,73.625,74.75,43.75,49.25,18.875,0.0,41.25
TCGA-BRCA-T590,11.25,83.375,53.5,56.00000000000001,81.25,84.0,71.0,44.25,28.249999999999996,0.0,34.75
TCGA-BRCA-T591,0.625,48.0,5.0,74.0,30.625000000000004,38.625,6.625,19.5,92.625,0.0,17.875
TCGA-BRCA-T592,75.875,10.5,8.875,26.0,12.5,59.0,31.125000000000004,66.25,15.125,0.0,87.125
TCGA-BRCA-T593,0.25,52.75,38.625,78.625,40.75,60.75000000000001,77.875,82.75,90.5,0.0,10.875
TCGA-BRCA-T594,9.125,0.375,13.625000000000002,81.375,12.125,48.125,23.75,24.625,7.375,0.0,22.25
TCGA-BRCA-T595,77.125,89.75,53.37499999999999,25.5,76.75,76.125,92.0,87.0,95.25,0.0,83.0
TCGA-BRCA-T596,97.625,99.25,92.25,42.5,22.25,10.0,11.0,89.25,76.875,0.0,46.75
TCGA-BRCA-T597,42.75,92.375,92.75,59.0,37.25,81.625,57.99999999999999,81.5,59.0,0.0,18.0
TCGA-BRCA-T598,76.0,26.25,97.375,26.75,31.624999999999996,11.875,66.375,56.75,99.625,0.0,95.625
TCGA-BRCA-T599,93.25,19.375,80.125,7.5,65.375,25.75,10.0,8.75,35.125,0.0,96.25
TCGA-BRCA-T600,62.5,20.375,49.0,37.0,61.375,23.75,36.0,47.875,37.625,0.0,50.375
TCGA-BRCA-T601,76.875,48.75,65.125,26.375,48.375,22.375,18.125,74.875,9.5,0.0,40.25
TCGA-BRCA-T602,9.5,74.0,19.875,28.125,84.5,19.75,82.125,74.625,59.75,0.0,28.499999999999996
TCGA-BRCA-T603,24.75,29.75,72.5,55.00000000000001,92.875,75.875,66.625,91.5,18.75,0.0,9.875
TCGA-BRCA-T604,57.75,43.25,26.375,31.0,51.125,7.75,64.75,69.5,47.75,0.0,74.75
TCGA-BRCA-T605,70.375,7.000000000000001,50.24999999999999,63.5,37.625,62.625,41.25,30.875000000000004,20.375,0.0,95.25
TCGA-BRCA-T606,12.625,87.0,39.75,80.375,11.375,62.875,25.5,54.25,92.5,0.0,27.250000000000004
TCGA-BRCA-T607,29.25,45.5,9.625,10.375,69.5,66.5,58.375,29.25,95.5,0.0,1.125
TCGA-BRCA-T608,51.125,26.5,64.625,59.25,5.0,31.0,91.625,59.25,8.0,0.0,31.75
TCGA-BRCA-T609,51.0,91.375,78.5,25.374999999999996,23.125,34.25,97.75,10.125,62.74999999999999,0.0,99.125
TCGA-BRCA-T610,92.875,54.75,47.75,67.25,31.874999999999996,73.875,50.125,19.0,79.75,0.0,93.0
TCGA-BRCA-T611,59.62499999999999,36.0,20.375,23.875,88.75,79.75,15.125,65.75,17.375,0.0,2.0
TCGA-BRCA-T612,73.875,60.5,40.0,40.0,89.0,76.25,6.25,93.75,2.625,0.0,25.874999999999996
TCGA-BRCA-T613,24.25,37.625,40.625,20.875,20.0,8.375,42.125,68.75,57.99999999999999,0.0,37.875
TCGA-BRCA-T614,55.375,83.875,54.625,16.375,34.625,49.5,85.625,64.875,91.375,0.0,74.125
TCGA-BRCA-T615,95.75,60.25,1.5,28.999999999999996,90.375,85.375,17.25,11.5,44.5,0.0,72.875
TCGA-BRCA-T616,12.5,6.5,81.875,46.0,5.5,40.875,3.875,26.5,73.5,0.0,89.875
TCGA-BRCA-T617,56.625,98.5,83.625,51.37500000000001,39.75,18.125,4.0,94.25,74.25,0.0,40.5
TCGA-BRCA-T618,20.25,97.5,91.0,68.625,86.75,69.5,37.25,24.125,79.125,0.0,12.0
TCGA-BRCA-T619,61.12499999999999,48.625,91.5,4.125,73.5,94.125,74.0,59.75,79.0,0.0,8.125
TCGA-BRCA-T620,12.25,61.625,77.125,45.5,7.875,48.25,91.75,51.0,4.75,0.0,57.875
TCGA-BRCA-T621,37.875,84.875,34.375,33.875,35.625,64.875,61.625,65.375,7.124999999999999,0.0,75.75
TCGA-BRCA-T622,32.5,92.625,66.875,7.000000000000001,91.875,92.25,9.125,42.375,71.0,0.0,87.625
TCGA-BRCA-T623,50.5,42.625,45.25,7.625,81.75,12.75,6.0,41.625,1.875,0.0,71.75
TCGA-BRCA-T624,67.125,12.5,22.75,59.375,53.0,15.75,98.0,47.375,15.375,0.0,96.125
TCGA-BRCA-T625,3.125,1.875,41.25,74.5,10.25,48.375,70.75,37.125,28.999999999999996,0.0,56.75
TCGA-BRCA-T626,87.0,43.375,73.875,92.625,98.5,94.625,92.5,30.0,27.875,0.0,90.0
TCGA-BRCA-T627,99.75,18.0,19.25,96.375,93.625,19.0,84.25,48.875,22.375,0.0,68.375
TCGA-BRCA-T628,69.125,99.75,96.875,27.125,25.374999999999996,79.875,75.25,34.125,97.625,0.0,43.5
TCGA-BRCA-T629,37.625,67.125,24.5,8.375,58.12500000000001,51.5,96.875,79.875,38.0,0.0,10.0
TCGA-BRCA-T630,8.125,94.625,97.5,59.5,89.625,35.875,32.75,88.125,25.874999999999996,0.0,97.25
TCGA-BRCA-T631,68.5,51.74999999999999,13.0,42.875,1.25,21.5,13.375,99.875,67.375,0.0,48.875
TCGA-BRCA-T632,77.75,54.0,42.875,39.5,34.875,77.875,92.625,13.625000000000002,89.375,0.0,40.625
TCGA-BRCA-T633,56.375,56.99999999999999,1.125,97.5,57.49999999999999,30.375000000000004,38.0,10.0,11.0,0.0,40.0
TCGA-BRCA-T634,89.125,7.124999999999999,41.125,30.0,15.875,13.25,74.25,66.75,38.375,0.0,58.5
TCGA-BRCA-T635,11.125,71.5,85.25,37.625,57.75,29.25,90.125,21.5,75.5,0.0,57.49999999999999
TCGA-BRCA-T636,31.0,28.625,35.375,15.25,19.125,10.375,96.5,68.375,23.0,0.0,31.374999999999996
TCGA-BRCA-T637,68.0,26.0,11.125,47.5,45.25,39.625,31.624999999999996,15.375,31.25,0.0,64.375
TCGA-BRCA-T638,94.875,28.875,19.5,38.125,36.625,56.375,18.5,21.125,72.25,0.0,6.0
TCGA-BRCA-T639,99.375,88.25,55.625,91.625,2.125,0.25,48.125,46.25,25.5,0.0,14.75
TCGA-BRCA-T640,39.25,89.5,90.75,87.25,70.75,93.75,94.625,11.0,62.375,0.0,19.25
TCGA-BRCA-T641,97.375,43.0,10.375,72.125,9.125,8.75,0.375,41.375,93.625,0.0,80.875
TCGA-BRCA-T642,22.625,54.125,64.0,51.74999999999999,90.875,89.25,42.25,18.25,22.0,0.0,75.375
TCGA-BRCA-T643,78.0,39.0,56.875,24.25,11.875,72.875,58.25,87.625,46.5,0.0,33.625
TCGA-BRCA-T644,15.0,48.5,60.5,28.625,9.75,37.125,4.375,33.75,26.25,0.0,75.875
TCGA-BRCA-T645,89.375,6.0,65.75,75.125,52.87500000000001,83.875,65.875,99.0,37.25,0.0,81.125
TCGA-BRCA-T646,53.37499999999999,86.25,99.75,20.375,92.25,18.25,56.99999999999999,98.125,84.0,0.0,61.5
TCGA-BRCA-T647,81.75,1.0,16.375,55.25,43.5,35.75,68.875,52.87500000000001,38.5,0.0,24.75
TCGA-BRCA-T648,61.625,79.875,48.0,79.5,12.25,17.25,87.875,88.0,12.25,0.0,48.5
TCGA-BRCA-T649,52.5,41.375,96.0,24.75,47.0,17.0,47.375,0.375,46.625,0.0,94.5
TCGA-BRCA-T650,72.875,19.5,40.75,3.875,64.5,51.37500000000001,52.87500000000001,24.375,84.75,0.0,45.375
TCGA-BRCA-T651,33.75,12.125,4.625,62.0,49.375,75.375,76.875,4.125,82.75,0.0,78.25
TCGA-BRCA-T652,35.75,94.75,90.0,50.0,24.875,75.0,68.25,76.875,17.25,0.0,86.375
TCGA-BRCA-T653,77.875,97.125,80.75,67.5,20.5,28.875,94.0,42.625,41.75,0.0,61.75000000000001
TCGA-BRCA-T654,1.375,21.625,27.625,58.5,54.625,77.5,42.625,74.0,51.125,0.0,18.375
TCGA-BRCA-T655,2.375,81.625,88.5,28.249999999999996,41.5,13.625000000000002,95.375,17.375,54.0,0.0,27.500000000000004
TCGA-BRCA-T656,24.375,11.375,74.5,42.125,63.125,70.375,49.125,71.5,97.5,0.0,72.375
TCGA-BRCA-T657,99.125,83.125,59.0,24.875,7.249999999999999,36.875,65.5,31.874999999999996,39.875,0.0,83.875
TCGA-BRCA-T658,29.5,63.74999999999999,27.500000000000004,60.375,95.625,75.625,63.625,26.125,41.875,0.0,35.75
TCGA-BRCA-T659,66.125,70.75,89.375,93.25,30.875000000000004,10.625,96.0,1.875,76.375,0.0,80.75
TCGA-BRCA-T660,5.5,85.875,58.5,49.25,30.0,72.75,56.75,46.0,79.25,0.0,60.75000000000001
TCGA-BRCA-T661,15.125,78.75,15.5,10.75,83.125,66.75,55.25,64.625,43.25,0.0,45.125
TCGA-BRCA-T662,84.875,71.25,79.875,26.5,84.875,98.125,73.5,1.25,30.625000000000004,0.0,16.875
TCGA-BRCA-T663,12.125,4.75,50.125,78.75,0.25,5.5,81.125,98.75,63.375,0.0,17.5
TCGA-BRCA-T664,3.75,50.5,81.125,1.375,93.75,12.0,10.25,28.749999999999996,81.625,0.0,44.25
TCGA-BRCA-T665,0.375,4.875,71.875,54.125,88.625,27.875,67.375,88.625,99.875,0.0,91.25
TCGA-BRCA-T666,99.625,3.375,11.375,48.375,73.0,56.125,21.875,85.5,31.374999999999996,0.0,69.875
TCGA-BRCA-T667,3.0,82.125,16.625,58.75,11.75,69.75,28.875,11.75,61.12499999999999,0.0,26.25
TCGA-BRCA-T668,85.75,31.25,6.125,55.375,28.375,81.125,29.75,62.5,71.75,0.0,3.25
TCGA-BRCA-T669,84.375,31.5,0.375,61.5,67.625,6.625,100.0,42.25,36.125,0.0,28.375
TCGA-BRCA-T670,74.625,87.75,82.0,54.37499999999999,59.12500000000001,7.625,2.875,50.0,56.99999999999999,0.0,49.75
TCGA-BRCA-T671,91.75,12.75,69.0,58.875,75.125,95.5,12.875,40.75,95.875,0.0,13.25
TCGA-BRCA-T672,60.12499999999999,34.375,60.62499999999999,2.0,97.875,94.75,21.125,1.125,35.875,0.0,15.625
TCGA-BRCA-T673,78.375,37.5,39.25,92.125,7.625,61.5,38.75,18.0,14.499999999999998,0.0,90.25
TCGA-BRCA-T674,70.25,67.875,36.75,77.375,4.125,26.625,66.125,18.5,93.5,0.0,26.875
TCGA-BRCA-T675,60.375,88.125,36.125,90.75,13.5,27.375,90.25,20.25,2.75,0.0,68.25
TCGA-BRCA-T676,45.75,54.87499999999999,21.5,13.750000000000002,32.125,61.25000000000001,38.25,76.0,69.875,0.0,41.375
TCGA-BRCA-T677,80.125,96.625,76.25,16.25,33.25,55.125,32.125,48.25,19.375,0.0,39.5
TCGA-BRCA-T678,57.125,78.375,94.5,64.0,47.125,43.25,81.375,55.375,41.0,0.0,12.625
TCGA-BRCA-T679,8.75,92.25,90.625,2.25,65.0,37.875,89.375,13.375,31.0,0.0,35.25
TCGA-BRCA-T680,34.5,31.874999999999996,57.99999999999999,36.0,86.0,90.875,45.25,50.625,74.75,0.0,6.375
TCGA-BRCA-T681,21.375,12.0,19.0,86.375,37.125,55.875,88.25,39.375,62.25000000000001,0.0,9.0
TCGA-BRCA-T682,23.125,33.0,94.0,49.625,76.125,32.75,39.625,12.25,36.75,0.0,19.5
TCGA-BRCA-T683,16.0,63.125,54.87499999999999,93.0,18.25,45.25,92.375,30.25,56.00000000000001,0.0,5.75
TCGA-BRCA-T684,30.375000000000004,51.625,80.25,86.5,87.375,76.5,1.875,69.625,39.625,0.0,65.75
TCGA-BRCA-T685,86.375,45.0,5.375,81.75,83.5,97.25,95.625,75.0,32.375,0.0,31.0
TCGA-BRCA-T686,30.25,77.75,95.0,43.75,16.0,33.875,67.25,86.5,17.5,0.0,62.74999999999999
TCGA-BRCA-T687,41.875,50.24999999999999,89.5,40.875,43.25,78.125,93.375,44.125,58.62500000000001,0.0,41.75
TCGA-BRCA-T688,5.375,2.125,83.0,78.5,28.749999999999996,27.500000000000004,41.625,84.625,22.25,0.0,12.875
TCGA-BRCA-T689,56.25,26.75,42.625,47.875,85.0,40.625,76.25,19.125,36.0,0.0,87.875
TCGA-BRCA-T690,31.624999999999996,72.25,32.875,12.375,27.250000000000004,83.25,29.625,32.5,81.5,0.0,62.875
TCGA-BRCA-T691,82.75,66.875,60.12499999999999,10.0,68.75,80.625,36.5,21.0,17.75,0.0,93.5
TCGA-BRCA-T692,76.375,33.875,1.375,3.5000000000000004,22.75,46.5,13.125,70.125,37.875,0.0,26.5
TCGA-BRCA-T693,94.375,65.125,81.375,73.5,98.125,86.75,89.5,20.125,52.37500000000001,0.0,84.375
TCGA-BRCA-T694,63.0,69.375,38.25,4.625,26.75,6.125,10.875,45.25,69.75,0.0,2.875
TCGA-BRCA-T695,47.0,23.5,9.0,37.25,95.75,98.25,39.5,26.0,33.875,0.0,3.75
TCGA-BRCA-T696,58.62500000000001,25.5,43.0,9.5,49.75,46.875,20.75,69.125,92.875,0.0,96.375
TCGA-BRCA-T697,75.5,57.49999999999999,88.375,33.5,29.375,92.5,13.25,71.625,72.75,0.0,37.625
TCGA-BRCA-T698,52.87500000000001,54.25,63.24999999999999,14.249999999999998,65.125,35.625,82.875,15.75,53.5,0.0,29.5
TCGA-BRCA-T699,19.0,18.875,14.75,50.24999999999999,45.125,30.25,40.375,40.875,31.5,0.0,38.125
TCGA-BRCA-T700,98.75,91.5,96.625,50.5,79.5,82.5,94.125,10.375,3.75,0.0,67.875
TCGA-BRCA-T701,93.0,21.125,94.875,6.375,39.5,71.25,76.75,83.0,59.5,0.0,72.25
TCGA-BRCA-T702,22.875,61.875,92.5,70.75,91.625,42.5,54.75,36.625,36.5,0.0,66.25
TCGA-BRCA-T703,79.25,86.0,56.00000000000001,67.625,33.5,30.0,99.25,78.25,35.75,0.0,64.125
TCGA-BRCA-T704,6.75,46.0,51.0,43.0,31.0,90.0,53.37499999999999,30.625000000000004,75.625,0.0,58.375
TCGA-BRCA-T705,18.375,21.0,64.125,95.0,16.125,74.125,87.0,29.625,30.875000000000004,0.0,49.125
TCGA-BRCA-T706,40.0,16.875,14.499999999999998,42.375,49.125,20.125,7.000000000000001,22.25,55.75,0.0,61.25000000000001
TCGA-BRCA-T707,39.375,69.875,27.250000000000004,13.125,34.5,43.5,24.125,37.25,97.875,0.0,47.125
TCGA-BRCA-T708,35.625,93.375,82.875,36.875,82.375,60.12499999999999,58.875,55.125,84.875,0.0,81.5
TCGA-BRCA-T709,59.25,66.75,47.375,32.875,29.125,55.00000000000001,8.125,6.0,66.375,0.0,21.875
TCGA-BRCA-T710,90.125,40.375,72.875,90.875,77.5,65.0,93.875,84.25,40.25,0.0,1.625
TCGA-BRCA-T711,4.5,68.625,23.5,29.75,78.875,88.75,79.0,33.0,62.5,0.0,59.875
TCGA-BRCA-T712,63.125,92.0,64.875,72.875,92.125,85.875,24.625,61.12499999999999,80.375,0.0,16.5
TCGA-BRCA-T713,72.75,10.25,45.875,21.875,27.625,69.0,74.875,90.375,63.87500000000001,0.0,30.0
TCGA-BRCA-T714,56.00000000000001,8.375,36.875,71.125,10.875,59.375,61.5,19.875,16.5,0.0,80.375
TCGA-BRCA-T715,86.75,30.5,87.875,51.0,79.0,62.125,92.75,82.875,40.875,0.0,54.625
TCGA-BRCA-T716,44.25,30.25,10.125,63.0,11.25,73.0,17.875,34.875,65.625,0.0,80.5
TCGA-BRCA-T717,35.875,80.75,50.5,36.125,23.0,9.125,43.875,86.375,81.25,0.0,23.125
TCGA-BRCA-T718,46.625,25.374999999999996,0.625,42.75,36.125,77.75,3.375,80.5,13.5,0.0,33.125
TCGA-BRCA-T719,36.75,96.25,83.25,84.0,3.5000000000000004,0.125,15.625,25.0,95.75,0.0,1.5
TCGA-BRCA-T720,97.25,26.375,16.0,75.25,39.625,64.25,98.25,14.249999999999998,85.25,0.0,26.375
TCGA-BRCA-T721,20.5,81.25,37.125,89.125,73.125,87.625,73.0,37.75,24.125,0.0,44.75
TCGA-BRCA-T722,0.5,99.125,98.625,2.125,7.75,32.625,41.0,60.375,42.375,0.0,14.124999999999998
TCGA-BRCA-T723,49.125,71.125,26.0,70.5,66.0,60.875,31.5,91.25,13.625000000000002,0.0,15.5
TCGA-BRCA-T724,92.0,34.625,13.875000000000002,34.625,13.375,40.375,46.125,44.875,89.875,0.0,90.625
TCGA-BRCA-T725,47.75,10.125,70.375,73.875,4.5,12.5,53.25,45.375,49.125,0.0,50.74999999999999
TCGA-BRCA-T726,62.375,59.0,85.75,95.125,39.375,21.875,99.125,63.625,30.25,0.0,68.0
TCGA-BRCA-T727,40.875,30.0,92.125,56.25,79.875,85.5,46.375,82.375,92.375,0.0,11.5
TCGA-BRCA-T728,26.75,66.0,66.625,66.5,75.25,88.125,64.5,14.000000000000002,67.25,0.0,36.125
TCGA-BRCA-T729,41.125,39.625,94.125,76.25,50.375,68.75,45.75,61.625,4.25,0.0,84.25
TCGA-BRCA-T730,31.125000000000004,84.25,93.25,3.0,91.375,97.5,2.5,57.375,7.625,0.0,88.875
TCGA-BRCA-T731,10.875,84.125,84.875,40.375,12.875,9.875,3.0,12.0,21.875,0.0,82.75
TCGA-BRCA-T732,57.49999999999999,68.375,49.125,99.25,8.375,25.874999999999996,79.75,95.625,70.0,0.0,13.0
TCGA-BRCA-T733,51.625,90.875,70.875,67.875,31.75,33.625,85.0,35.875,7.75,0.0,94.0
TCGA-BRCA-T734,72.125,37.0,22.875,15.0,91.25,88.625,81.625,24.0,59.375,0.0,5.5
TCGA-BRCA-T735,49.75,46.875,74.75,54.50000000000001,62.625,92.75,48.25,40.25,38.25,0.0,55.75
TCGA-BRCA-T736,43.125,20.75,35.625,28.000000000000004,2.75,30.125,67.875,26.625,65.375,0.0,58.25
TCGA-BRCA-T737,13.750000000000002,46.125,64.25,64.125,37.5,27.0,48.875,56.49999999999999,47.25,0.0,63.0
TCGA-BRCA-T738,50.24999999999999,63.375,93.625,95.625,38.375,1.5,56.125,80.25,97.0,0.0,19.375
TCGA-BRCA-T739,94.0,47.875,94.25,21.5,92.5,38.5,92.25,16.875,40.0,0.0,95.125
TCGA-BRCA-T740,60.62499999999999,92.5,32.25,15.625,54.37499999999999,31.125000000000004,66.0,16.75,34.625,0.0,7.375
TCGA-BRCA-T741,96.5,31.75,0.5,60.62499999999999,57.25,18.375,40.75,32.75,44.875,0.0,94.375
TCGA-BRCA-T742,2.5,4.0,86.875,54.625,56.25,86.5,79.5,31.374999999999996,27.0,0.0,53.625
TCGA-BRCA-T743,96.625,17.125,41.375,66.75,57.375,62.0,64.125,53.37499999999999,24.0,0.0,93.375
TCGA-BRCA-T744,90.5,32.25,59.375,97.625,8.625,23.125,38.625,4.75,77.25,0.0,20.5
TCGA-BRCA-T745,54.37499999999999,1.5,14.000000000000002,86.875,95.125,9.75,14.499999999999998,86.25,43.875,0.0,14.499999999999998
TCGA-BRCA-T746,43.75,37.125,48.375,71.75,88.375,88.875,44.125,51.625,75.25,0.0,36.375
TCGA-BRCA-T747,32.875,21.375,44.75,96.625,98.75,30.625000000000004,63.375,89.125,84.375,0.0,53.37499999999999
TCGA-BRCA-T748,42.875,44.625,15.75,99.625,60.5,34.625,75.75,89.875,80.125,0.0,32.25
TCGA-BRCA-T749,55.75,15.0,9.875,98.375,14.374999999999998,57.49999999999999,24.875,33.5,87.5,0.0,46.125
TCGA-BRCA-T750,55.00000000000001,19.125,39.375,17.375,72.75,96.75,40.5,89.0,18.5,0.0,22.625
TCGA-BRCA-T751,21.625,85.375,75.625,7.249999999999999,50.125,93.625,2.625,79.25,69.25,0.0,60.12499999999999
TCGA-BRCA-T752,82.5,57.375,55.125,4.25,0.75,19.125,52.75,79.0,18.125,0.0,16.75
TCGA-BRCA-T753,51.74999999999999,26.875,55.75,51.87500000000001,63.0,60.375,51.125,11.625,45.75,0.0,50.5
TCGA-BRCA-T754,33.125,45.75,89.25,77.625,52.125,86.125,19.875,97.75,58.375,0.0,31.624999999999996
TCGA-BRCA-T755,13.375,11.125,58.25,45.25,41.625,21.25,3.25,77.375,29.125,0.0,17.25
TCGA-BRCA-T756,87.625,38.375,11.625,10.875,87.5,51.87500000000001,84.125,98.5,17.0,0.0,76.375
TCGA-BRCA-T757,42.25,87.625,87.5,77.875,62.125,26.375,16.875,12.75,15.75,0.0,98.0
TCGA-BRCA-T758,38.625,47.5,44.25,73.75,82.875,87.125,51.37500000000001,63.375,46.75,0.0,6.25
TCGA-BRCA-T759,71.5,81.875,82.125,25.124999999999996,4.25,32.375,55.375,13.5,2.875,0.0,92.625
TCGA-BRCA-T760,64.0,62.625,51.87500000000001,98.125,48.125,49.875,72.125,85.375,48.75,0.0,13.625000000000002
TCGA-BRCA-T761,26.0,33.625,54.37499999999999,11.75,18.75,54.75,34.875,99.5,84.5,0.0,90.75
TCGA-BRCA-T762,96.25,21.75,59.875,61.375,98.375,98.875,45.625,54.125,0.5,0.0,20.375
TCGA-BRCA-T763,97.75,44.125,49.875,2.75,19.5,32.0,14.000000000000002,22.625,57.125,0.0,60.5
TCGA-BRCA-T764,38.375,33.375,18.625,22.5,35.5,67.25,17.5,75.75,64.75,0.0,0.625
TCGA-BRCA-T765,25.624999999999996,65.375,76.875,27.625,25.874999999999996,15.0,76.625,33.375,16.25,0.0,84.125
TCGA-BRCA-T766,36.625,53.125,35.5,6.75,62.375,44.625,38.875,58.75,69.625,0.0,54.50000000000001
TCGA-BRCA-T767,45.5,30.375000000000004,31.75,71.875,50.0,44.0,74.125,13.0,42.125,0.0,87.5
TCGA-BRCA-T768,50.375,67.5,58.875,36.25,71.875,1.375,33.875,13.25,12.5,0.0,49.375
TCGA-BRCA-T769,88.875,66.125,12.0,65.25,31.5,83.0,54.625,60.5,82.625,0.0,81.75
TCGA-BRCA-T770,3.375,14.124999999999998,2.375,46.625,77.125,21.75,10.5,65.25,8.625,0.0,21.125
TCGA-BRCA-T771,53.87499999999999,66.375,21.625,11.375,80.5,4.25,28.000000000000004,0.125,50.125,0.0,5.0
TCGA-BRCA-T772,13.5,0.5,70.5,20.0,44.625,4.5,67.5,96.375,70.75,0.0,48.25
TCGA-BRCA-T773,51.5,3.5000000000000004,26.625,75.0,55.75,85.25,55.50000000000001,87.25,47.0,0.0,44.375
TCGA-BRCA-T774,59.875,36.625,6.25,57.25,17.875,26.75,67.0,15.25,55.25,0.0,20.75
TCGA-BRCA-T775,11.0,69.5,52.625,75.75,63.375,77.375,74.75,96.625,54.125,0.0,79.375
TCGA-BRCA-T776,29.625,1.125,22.5,10.125,73.25,43.875,9.5,11.875,17.875,0.0,37.5
TCGA-BRCA-T777,92.375,36.125,49.375,7.875,11.0,3.125,72.0,85.875,13.875000000000002,0.0,23.625
TCGA-BRCA-T778,22.375,40.5,68.375,84.125,44.25,57.99999999999999,87.25,10.25,86.25,0.0,44.0
TCGA-BRCA-T779,8.25,33.5,76.5,37.875,29.25,41.875,11.625,44.75,35.625,0.0,62.25000000000001
TCGA-BRCA-T780,6.5,14.75,18.375,87.375,18.0,70.25,85.25,13.875000000000002,34.75,0.0,21.5
TCGA-BRCA-T781,27.750000000000004,43.125,33.75,76.75,43.125,53.25,40.125,37.5,74.375,0.0,11.625
TCGA-BRCA-T782,67.75,18.375,71.25,20.5,71.0,44.875,41.5,83.875,70.625,0.0,14.875
TCGA-BRCA-T783,32.125,39.875,4.125,46.5,47.625,67.125,99.75,39.0,89.0,0.0,10.625
TCGA-BRCA-T784,44.75,92.875,45.0,49.125,34.25,7.000000000000001,84.75,27.750000000000004,43.0,0.0,48.625
TCGA-BRCA-T785,80.375,42.125,61.5,42.625,69.375,69.125,91.875,88.875,97.125,0.0,9.375
TCGA-BRCA-T786,10.375,11.625,55.875,3.75,41.75,81.375,34.25,84.375,63.5,0.0,14.625
TCGA-BRCA-T787,52.125,27.875,77.5,43.375,9.0,3.6249999999999996,27.375,24.75,0.25,0.0,77.0
TCGA-BRCA-T788,78.75,20.5,17.875,24.625,99.125,70.0,89.75,63.87500000000001,2.0,0.0,45.75
TCGA-BRCA-T789,30.875000000000004,34.5,54.125,48.125,98.625,82.25,68.0,18.125,71.25,0.0,88.5
TCGA-BRCA-T790,94.25,13.25,87.25,35.25,97.375,65.25,88.375,17.5,32.25,0.0,88.25
TCGA-BRCA-T791,35.25,79.75,79.5,94.5,60.12499999999999,18.5,22.75,31.0,20.125,0.0,3.5000000000000004
TCGA-BRCA-T792,73.125,19.25,66.125,57.875,69.625,70.125,97.25,90.75,79.5,0.0,56.25
TCGA-BRCA-T793,8.375,38.25,60.375,85.75,36.0,29.625,49.375,78.375,23.125,0.0,60.25
TCGA-BRCA-T794,45.0,61.0,43.125,2.375,53.75,89.0,8.875,33.125,43.75,0.0,93.625
TCGA-BRCA-T795,63.24999999999999,99.625,96.75,73.625,50.625,55.75,60.75000000000001,44.5,87.375,0.0,67.375
TCGA-BRCA-T796,1.5,9.875,46.25,78.375,67.875,37.5,95.0,44.375,67.5,0.0,21.625
TCGA-BRCA-T797,23.5,90.375,56.75,80.0,90.5,40.25,86.25,36.25,61.5,0.0,97.875
TCGA-BRCA-T798,44.625,18.125,8.0,61.12499999999999,61.25000000000001,90.125,63.0,97.0,43.5,0.0,51.625
TCGA-BRCA-T799,98.125,29.625,12.75,65.5,88.5,47.875,34.0,83.25,34.125,0.0,65.5
